target_time_local,target_time_utc,issue_time_utc,lead_h,p10,p50,p90,p50_mw
2026-02-01T00:00:00+05:00,2026-01-31T19:00:00Z,2026-01-30T19:00:00Z,24,0.0,0.021487,0.261782,0.107435
2026-02-01T01:00:00+05:00,2026-01-31T20:00:00Z,2026-01-30T19:00:00Z,25,0.0,0.042298,0.31699,0.21149
2026-02-01T02:00:00+05:00,2026-01-31T21:00:00Z,2026-01-30T19:00:00Z,26,0.0,0.015249,0.246122,0.076245
2026-02-01T03:00:00+05:00,2026-01-31T22:00:00Z,2026-01-30T19:00:00Z,27,0.0,0.026849,0.274998,0.134245
2026-02-01T04:00:00+05:00,2026-01-31T23:00:00Z,2026-01-30T19:00:00Z,28,0.0,0.049081,0.280129,0.245405
2026-02-01T05:00:00+05:00,2026-02-01T00:00:00Z,2026-01-30T19:00:00Z,29,0.0,0.033604,0.250439,0.16802
2026-02-01T06:00:00+05:00,2026-02-01T01:00:00Z,2026-01-30T19:00:00Z,30,0.0,0.020886,0.187425,0.10443
2026-02-01T07:00:00+05:00,2026-02-01T02:00:00Z,2026-01-30T19:00:00Z,31,0.0,0.042176,0.264454,0.21088
2026-02-01T08:00:00+05:00,2026-02-01T03:00:00Z,2026-01-30T19:00:00Z,32,0.0,0.07406,0.348942,0.3703
2026-02-01T09:00:00+05:00,2026-02-01T04:00:00Z,2026-01-30T19:00:00Z,33,0.0,0.092637,0.330024,0.463185
2026-02-01T10:00:00+05:00,2026-02-01T05:00:00Z,2026-01-30T19:00:00Z,34,0.0,0.030864,0.26363,0.15432
2026-02-01T11:00:00+05:00,2026-02-01T06:00:00Z,2026-01-30T19:00:00Z,35,0.0,0.075533,0.446129,0.377665
2026-02-01T12:00:00+05:00,2026-02-01T07:00:00Z,2026-01-30T19:00:00Z,36,0.0,0.206844,0.601388,1.03422
2026-02-01T13:00:00+05:00,2026-02-01T08:00:00Z,2026-01-30T19:00:00Z,37,0.0,0.203361,0.615831,1.016805
2026-02-01T14:00:00+05:00,2026-02-01T09:00:00Z,2026-01-30T19:00:00Z,38,0.044466,0.448398,0.936182,2.24199
2026-02-01T15:00:00+05:00,2026-02-01T10:00:00Z,2026-01-30T19:00:00Z,39,0.0,0.23197,0.643046,1.15985
2026-02-01T16:00:00+05:00,2026-02-01T11:00:00Z,2026-01-30T19:00:00Z,40,0.0,0.358936,0.793975,1.79468
2026-02-01T17:00:00+05:00,2026-02-01T12:00:00Z,2026-01-30T19:00:00Z,41,0.0,0.175769,0.559973,0.878845
2026-02-01T18:00:00+05:00,2026-02-01T13:00:00Z,2026-01-30T19:00:00Z,42,0.0,0.201625,0.518809,1.008125
2026-02-01T19:00:00+05:00,2026-02-01T14:00:00Z,2026-01-30T19:00:00Z,43,0.0,0.191763,0.524759,0.958815
2026-02-01T20:00:00+05:00,2026-02-01T15:00:00Z,2026-01-30T19:00:00Z,44,0.0,0.21335,0.549951,1.06675
2026-02-01T21:00:00+05:00,2026-02-01T16:00:00Z,2026-01-30T19:00:00Z,45,0.0,0.214889,0.556008,1.074445
2026-02-01T22:00:00+05:00,2026-02-01T17:00:00Z,2026-01-30T19:00:00Z,46,0.0,0.165844,0.492429,0.82922
2026-02-01T23:00:00+05:00,2026-02-01T18:00:00Z,2026-01-30T19:00:00Z,47,0.0,0.078195,0.340846,0.390975
2026-02-02T00:00:00+05:00,2026-02-01T19:00:00Z,2026-01-31T19:00:00Z,24,0.0,0.166552,0.486557,0.83276
2026-02-02T01:00:00+05:00,2026-02-01T20:00:00Z,2026-01-31T19:00:00Z,25,0.0,0.187739,0.536077,0.938695
2026-02-02T02:00:00+05:00,2026-02-01T21:00:00Z,2026-01-31T19:00:00Z,26,0.0,0.186046,0.553224,0.93023
2026-02-02T03:00:00+05:00,2026-02-01T22:00:00Z,2026-01-31T19:00:00Z,27,0.007762,0.342969,0.656864,1.714845
2026-02-02T04:00:00+05:00,2026-02-01T23:00:00Z,2026-01-31T19:00:00Z,28,0.068342,0.384114,0.800168,1.92057
2026-02-02T05:00:00+05:00,2026-02-02T00:00:00Z,2026-01-31T19:00:00Z,29,0.166355,0.520128,0.95659,2.60064
2026-02-02T06:00:00+05:00,2026-02-02T01:00:00Z,2026-01-31T19:00:00Z,30,0.204587,0.554295,0.995941,2.771475
2026-02-02T07:00:00+05:00,2026-02-02T02:00:00Z,2026-01-31T19:00:00Z,31,0.183464,0.523662,0.993231,2.61831
2026-02-02T08:00:00+05:00,2026-02-02T03:00:00Z,2026-01-31T19:00:00Z,32,0.224851,0.535196,1.0,2.67598
2026-02-02T09:00:00+05:00,2026-02-02T04:00:00Z,2026-01-31T19:00:00Z,33,0.213313,0.59764,1.0,2.9882
2026-02-02T10:00:00+05:00,2026-02-02T05:00:00Z,2026-01-31T19:00:00Z,34,0.361023,0.791582,1.0,3.95791
2026-02-02T11:00:00+05:00,2026-02-02T06:00:00Z,2026-01-31T19:00:00Z,35,0.430753,0.839974,1.0,4.19987
2026-02-02T12:00:00+05:00,2026-02-02T07:00:00Z,2026-01-31T19:00:00Z,36,0.568455,0.923451,1.0,4.617255
2026-02-02T13:00:00+05:00,2026-02-02T08:00:00Z,2026-01-31T19:00:00Z,37,0.612316,0.9511,1.0,4.7555
2026-02-02T14:00:00+05:00,2026-02-02T09:00:00Z,2026-01-31T19:00:00Z,38,0.703694,0.957129,1.0,4.785645
2026-02-02T15:00:00+05:00,2026-02-02T10:00:00Z,2026-01-31T19:00:00Z,39,0.64277,0.949987,1.0,4.749935
2026-02-02T16:00:00+05:00,2026-02-02T11:00:00Z,2026-01-31T19:00:00Z,40,0.541441,0.933655,1.0,4.668275
2026-02-02T17:00:00+05:00,2026-02-02T12:00:00Z,2026-01-31T19:00:00Z,41,0.234146,0.659495,1.0,3.297475
2026-02-02T18:00:00+05:00,2026-02-02T13:00:00Z,2026-01-31T19:00:00Z,42,0.048461,0.480343,0.862712,2.401715
2026-02-02T19:00:00+05:00,2026-02-02T14:00:00Z,2026-01-31T19:00:00Z,43,0.108243,0.471016,0.880824,2.35508
2026-02-02T20:00:00+05:00,2026-02-02T15:00:00Z,2026-01-31T19:00:00Z,44,0.0,0.325747,0.746437,1.628735
2026-02-02T21:00:00+05:00,2026-02-02T16:00:00Z,2026-01-31T19:00:00Z,45,0.017255,0.354324,0.835022,1.77162
2026-02-02T22:00:00+05:00,2026-02-02T17:00:00Z,2026-01-31T19:00:00Z,46,0.0,0.199747,0.577385,0.998735
2026-02-02T23:00:00+05:00,2026-02-02T18:00:00Z,2026-01-31T19:00:00Z,47,0.0,0.221101,0.610547,1.105505
2026-02-03T00:00:00+05:00,2026-02-02T19:00:00Z,2026-02-01T19:00:00Z,24,0.104948,0.427351,0.800218,2.136755
2026-02-03T01:00:00+05:00,2026-02-02T20:00:00Z,2026-02-01T19:00:00Z,25,0.0,0.220097,0.643484,1.100485
2026-02-03T02:00:00+05:00,2026-02-02T21:00:00Z,2026-02-01T19:00:00Z,26,0.084893,0.441871,0.860305,2.209355
2026-02-03T03:00:00+05:00,2026-02-02T22:00:00Z,2026-02-01T19:00:00Z,27,0.08573,0.519994,0.903907,2.59997
2026-02-03T04:00:00+05:00,2026-02-02T23:00:00Z,2026-02-01T19:00:00Z,28,0.05104,0.380692,0.845436,1.90346
2026-02-03T05:00:00+05:00,2026-02-03T00:00:00Z,2026-02-01T19:00:00Z,29,0.0,0.233876,0.584306,1.16938
2026-02-03T06:00:00+05:00,2026-02-03T01:00:00Z,2026-02-01T19:00:00Z,30,0.0,0.037622,0.239773,0.18811
2026-02-03T07:00:00+05:00,2026-02-03T02:00:00Z,2026-02-01T19:00:00Z,31,0.0,0.116993,0.441204,0.584965
2026-02-03T08:00:00+05:00,2026-02-03T03:00:00Z,2026-02-01T19:00:00Z,32,0.0,0.113305,0.357544,0.566525
2026-02-03T09:00:00+05:00,2026-02-03T04:00:00Z,2026-02-01T19:00:00Z,33,0.0,0.043652,0.29006,0.21826
2026-02-03T10:00:00+05:00,2026-02-03T05:00:00Z,2026-02-01T19:00:00Z,34,0.0,0.013888,0.188434,0.06944
2026-02-03T11:00:00+05:00,2026-02-03T06:00:00Z,2026-02-01T19:00:00Z,35,0.0,0.021225,0.201243,0.106125
2026-02-03T12:00:00+05:00,2026-02-03T07:00:00Z,2026-02-01T19:00:00Z,36,0.0,0.013644,0.180744,0.06822
2026-02-03T13:00:00+05:00,2026-02-03T08:00:00Z,2026-02-01T19:00:00Z,37,0.0,0.043864,0.23936,0.21932
2026-02-03T14:00:00+05:00,2026-02-03T09:00:00Z,2026-02-01T19:00:00Z,38,0.0,0.025945,0.200614,0.129725
2026-02-03T15:00:00+05:00,2026-02-03T10:00:00Z,2026-02-01T19:00:00Z,39,0.0,0.06568,0.359093,0.3284
2026-02-03T16:00:00+05:00,2026-02-03T11:00:00Z,2026-02-01T19:00:00Z,40,0.0,0.098441,0.40481,0.492205
2026-02-03T17:00:00+05:00,2026-02-03T12:00:00Z,2026-02-01T19:00:00Z,41,0.07318,0.456528,0.898799,2.28264
2026-02-03T18:00:00+05:00,2026-02-03T13:00:00Z,2026-02-01T19:00:00Z,42,0.011957,0.346775,0.830794,1.733875
2026-02-03T19:00:00+05:00,2026-02-03T14:00:00Z,2026-02-01T19:00:00Z,43,0.0,0.264887,0.667084,1.324435
2026-02-03T20:00:00+05:00,2026-02-03T15:00:00Z,2026-02-01T19:00:00Z,44,0.0,0.18084,0.562068,0.9042
2026-02-03T21:00:00+05:00,2026-02-03T16:00:00Z,2026-02-01T19:00:00Z,45,0.0,0.174552,0.58854,0.87276
2026-02-03T22:00:00+05:00,2026-02-03T17:00:00Z,2026-02-01T19:00:00Z,46,0.0,0.22287,0.655052,1.11435
2026-02-03T23:00:00+05:00,2026-02-03T18:00:00Z,2026-02-01T19:00:00Z,47,0.0,0.194857,0.505461,0.974285
2026-02-04T00:00:00+05:00,2026-02-03T19:00:00Z,2026-02-02T19:00:00Z,24,0.0,0.223769,0.665998,1.118845
2026-02-04T01:00:00+05:00,2026-02-03T20:00:00Z,2026-02-02T19:00:00Z,25,0.0,0.30761,0.811708,1.53805
2026-02-04T02:00:00+05:00,2026-02-03T21:00:00Z,2026-02-02T19:00:00Z,26,0.0,0.293073,0.748748,1.465365
2026-02-04T03:00:00+05:00,2026-02-03T22:00:00Z,2026-02-02T19:00:00Z,27,0.071085,0.450612,0.837423,2.25306
2026-02-04T04:00:00+05:00,2026-02-03T23:00:00Z,2026-02-02T19:00:00Z,28,0.186391,0.605158,0.985873,3.02579
2026-02-04T05:00:00+05:00,2026-02-04T00:00:00Z,2026-02-02T19:00:00Z,29,0.1166,0.440366,0.898793,2.20183
2026-02-04T06:00:00+05:00,2026-02-04T01:00:00Z,2026-02-02T19:00:00Z,30,0.11079,0.465227,0.965691,2.326135
2026-02-04T07:00:00+05:00,2026-02-04T02:00:00Z,2026-02-02T19:00:00Z,31,0.137422,0.525223,0.951473,2.626115
2026-02-04T08:00:00+05:00,2026-02-04T03:00:00Z,2026-02-02T19:00:00Z,32,0.125871,0.478359,0.928948,2.391795
2026-02-04T09:00:00+05:00,2026-02-04T04:00:00Z,2026-02-02T19:00:00Z,33,0.02236,0.368464,0.758124,1.84232
2026-02-04T10:00:00+05:00,2026-02-04T05:00:00Z,2026-02-02T19:00:00Z,34,0.0,0.285504,0.655642,1.42752
2026-02-04T11:00:00+05:00,2026-02-04T06:00:00Z,2026-02-02T19:00:00Z,35,0.0,0.215969,0.640384,1.079845
2026-02-04T12:00:00+05:00,2026-02-04T07:00:00Z,2026-02-02T19:00:00Z,36,0.0,0.168643,0.505978,0.843215
2026-02-04T13:00:00+05:00,2026-02-04T08:00:00Z,2026-02-02T19:00:00Z,37,0.0,0.206577,0.531409,1.032885
2026-02-04T14:00:00+05:00,2026-02-04T09:00:00Z,2026-02-02T19:00:00Z,38,0.0,0.136451,0.551826,0.682255
2026-02-04T15:00:00+05:00,2026-02-04T10:00:00Z,2026-02-02T19:00:00Z,39,0.0,0.205991,0.559929,1.029955
2026-02-04T16:00:00+05:00,2026-02-04T11:00:00Z,2026-02-02T19:00:00Z,40,0.0,0.162184,0.498799,0.81092
2026-02-04T17:00:00+05:00,2026-02-04T12:00:00Z,2026-02-02T19:00:00Z,41,0.0,0.147778,0.413,0.73889
2026-02-04T18:00:00+05:00,2026-02-04T13:00:00Z,2026-02-02T19:00:00Z,42,0.0,0.150091,0.423143,0.750455
2026-02-04T19:00:00+05:00,2026-02-04T14:00:00Z,2026-02-02T19:00:00Z,43,0.001262,0.353278,0.776853,1.76639
2026-02-04T20:00:00+05:00,2026-02-04T15:00:00Z,2026-02-02T19:00:00Z,44,0.079576,0.444896,0.945676,2.22448
2026-02-04T21:00:00+05:00,2026-02-04T16:00:00Z,2026-02-02T19:00:00Z,45,0.10696,0.497148,0.962553,2.48574
2026-02-04T22:00:00+05:00,2026-02-04T17:00:00Z,2026-02-02T19:00:00Z,46,0.22876,0.705557,1.0,3.527785
2026-02-04T23:00:00+05:00,2026-02-04T18:00:00Z,2026-02-02T19:00:00Z,47,0.523011,0.966936,1.0,4.83468
2026-02-05T00:00:00+05:00,2026-02-04T19:00:00Z,2026-02-03T19:00:00Z,24,0.52729,0.896699,1.0,4.483495
2026-02-05T01:00:00+05:00,2026-02-04T20:00:00Z,2026-02-03T19:00:00Z,25,0.701393,0.966365,1.0,4.831825
2026-02-05T02:00:00+05:00,2026-02-04T21:00:00Z,2026-02-03T19:00:00Z,26,0.753705,0.969703,1.0,4.848515
2026-02-05T03:00:00+05:00,2026-02-04T22:00:00Z,2026-02-03T19:00:00Z,27,0.779883,0.972685,1.0,4.863425
2026-02-05T04:00:00+05:00,2026-02-04T23:00:00Z,2026-02-03T19:00:00Z,28,0.809317,0.97398,1.0,4.8699
2026-02-05T05:00:00+05:00,2026-02-05T00:00:00Z,2026-02-03T19:00:00Z,29,0.792773,0.972378,1.0,4.86189
2026-02-05T06:00:00+05:00,2026-02-05T01:00:00Z,2026-02-03T19:00:00Z,30,0.773364,0.972216,1.0,4.86108
2026-02-05T07:00:00+05:00,2026-02-05T02:00:00Z,2026-02-03T19:00:00Z,31,0.784743,0.973196,1.0,4.86598
2026-02-05T08:00:00+05:00,2026-02-05T03:00:00Z,2026-02-03T19:00:00Z,32,0.78415,0.971312,1.0,4.85656
2026-02-05T09:00:00+05:00,2026-02-05T04:00:00Z,2026-02-03T19:00:00Z,33,0.783036,0.967768,1.0,4.83884
2026-02-05T10:00:00+05:00,2026-02-05T05:00:00Z,2026-02-03T19:00:00Z,34,0.781711,0.969598,1.0,4.84799
2026-02-05T11:00:00+05:00,2026-02-05T06:00:00Z,2026-02-03T19:00:00Z,35,0.778745,0.978081,1.0,4.890405
2026-02-05T12:00:00+05:00,2026-02-05T07:00:00Z,2026-02-03T19:00:00Z,36,0.7593,0.976222,1.0,4.88111
2026-02-05T13:00:00+05:00,2026-02-05T08:00:00Z,2026-02-03T19:00:00Z,37,0.7112,0.976544,1.0,4.88272
2026-02-05T14:00:00+05:00,2026-02-05T09:00:00Z,2026-02-03T19:00:00Z,38,0.650221,0.97539,1.0,4.87695
2026-02-05T15:00:00+05:00,2026-02-05T10:00:00Z,2026-02-03T19:00:00Z,39,0.646584,0.973315,1.0,4.866575
2026-02-05T16:00:00+05:00,2026-02-05T11:00:00Z,2026-02-03T19:00:00Z,40,0.64852,0.974373,1.0,4.871865
2026-02-05T17:00:00+05:00,2026-02-05T12:00:00Z,2026-02-03T19:00:00Z,41,0.63985,0.974124,1.0,4.87062
2026-02-05T18:00:00+05:00,2026-02-05T13:00:00Z,2026-02-03T19:00:00Z,42,0.623558,0.974309,1.0,4.871545
2026-02-05T19:00:00+05:00,2026-02-05T14:00:00Z,2026-02-03T19:00:00Z,43,0.588313,0.968272,1.0,4.84136
2026-02-05T20:00:00+05:00,2026-02-05T15:00:00Z,2026-02-03T19:00:00Z,44,0.614257,0.957542,1.0,4.78771
2026-02-05T21:00:00+05:00,2026-02-05T16:00:00Z,2026-02-03T19:00:00Z,45,0.612607,0.960583,1.0,4.802915
2026-02-05T22:00:00+05:00,2026-02-05T17:00:00Z,2026-02-03T19:00:00Z,46,0.481948,0.904394,1.0,4.52197
2026-02-05T23:00:00+05:00,2026-02-05T18:00:00Z,2026-02-03T19:00:00Z,47,0.544084,0.955751,1.0,4.778755
2026-02-06T00:00:00+05:00,2026-02-05T19:00:00Z,2026-02-04T19:00:00Z,24,0.210472,0.607967,0.993126,3.039835
2026-02-06T01:00:00+05:00,2026-02-05T20:00:00Z,2026-02-04T19:00:00Z,25,0.160918,0.567326,0.954674,2.83663
2026-02-06T02:00:00+05:00,2026-02-05T21:00:00Z,2026-02-04T19:00:00Z,26,0.188695,0.610218,0.963528,3.05109
2026-02-06T03:00:00+05:00,2026-02-05T22:00:00Z,2026-02-04T19:00:00Z,27,0.044285,0.475253,0.938646,2.376265
2026-02-06T04:00:00+05:00,2026-02-05T23:00:00Z,2026-02-04T19:00:00Z,28,0.030804,0.365499,0.866946,1.827495
2026-02-06T05:00:00+05:00,2026-02-06T00:00:00Z,2026-02-04T19:00:00Z,29,0.0,0.050773,0.355385,0.253865
2026-02-06T06:00:00+05:00,2026-02-06T01:00:00Z,2026-02-04T19:00:00Z,30,0.0,0.032868,0.320221,0.16434
2026-02-06T07:00:00+05:00,2026-02-06T02:00:00Z,2026-02-04T19:00:00Z,31,0.0,0.086905,0.441743,0.434525
2026-02-06T08:00:00+05:00,2026-02-06T03:00:00Z,2026-02-04T19:00:00Z,32,0.0,0.284968,0.779702,1.42484
2026-02-06T09:00:00+05:00,2026-02-06T04:00:00Z,2026-02-04T19:00:00Z,33,0.028725,0.363317,0.908493,1.816585
2026-02-06T10:00:00+05:00,2026-02-06T05:00:00Z,2026-02-04T19:00:00Z,34,0.138432,0.613506,1.0,3.06753
2026-02-06T11:00:00+05:00,2026-02-06T06:00:00Z,2026-02-04T19:00:00Z,35,0.364827,0.909809,1.0,4.549045
2026-02-06T12:00:00+05:00,2026-02-06T07:00:00Z,2026-02-04T19:00:00Z,36,0.607241,0.977805,1.0,4.889025
2026-02-06T13:00:00+05:00,2026-02-06T08:00:00Z,2026-02-04T19:00:00Z,37,0.709736,0.956197,1.0,4.780985
2026-02-06T14:00:00+05:00,2026-02-06T09:00:00Z,2026-02-04T19:00:00Z,38,0.802139,0.975937,1.0,4.879685
2026-02-06T15:00:00+05:00,2026-02-06T10:00:00Z,2026-02-04T19:00:00Z,39,0.790019,0.979677,1.0,4.898385
2026-02-06T16:00:00+05:00,2026-02-06T11:00:00Z,2026-02-04T19:00:00Z,40,0.798219,0.980981,1.0,4.904905
2026-02-06T17:00:00+05:00,2026-02-06T12:00:00Z,2026-02-04T19:00:00Z,41,0.651041,0.983313,1.0,4.916565
2026-02-06T18:00:00+05:00,2026-02-06T13:00:00Z,2026-02-04T19:00:00Z,42,0.65226,0.981148,1.0,4.90574
2026-02-06T19:00:00+05:00,2026-02-06T14:00:00Z,2026-02-04T19:00:00Z,43,0.721893,0.98373,1.0,4.91865
2026-02-06T20:00:00+05:00,2026-02-06T15:00:00Z,2026-02-04T19:00:00Z,44,0.825655,0.98308,1.0,4.9154
2026-02-06T21:00:00+05:00,2026-02-06T16:00:00Z,2026-02-04T19:00:00Z,45,0.798762,0.981636,1.0,4.90818
2026-02-06T22:00:00+05:00,2026-02-06T17:00:00Z,2026-02-04T19:00:00Z,46,0.763892,0.980792,1.0,4.90396
2026-02-06T23:00:00+05:00,2026-02-06T18:00:00Z,2026-02-04T19:00:00Z,47,0.71375,0.968944,1.0,4.84472
2026-02-07T00:00:00+05:00,2026-02-06T19:00:00Z,2026-02-05T19:00:00Z,24,0.764768,0.972277,1.0,4.861385
2026-02-07T01:00:00+05:00,2026-02-06T20:00:00Z,2026-02-05T19:00:00Z,25,0.711039,0.955669,1.0,4.778345
2026-02-07T02:00:00+05:00,2026-02-06T21:00:00Z,2026-02-05T19:00:00Z,26,0.549429,0.924286,1.0,4.62143
2026-02-07T03:00:00+05:00,2026-02-06T22:00:00Z,2026-02-05T19:00:00Z,27,0.266584,0.67247,1.0,3.36235
2026-02-07T04:00:00+05:00,2026-02-06T23:00:00Z,2026-02-05T19:00:00Z,28,0.263062,0.746106,1.0,3.73053
2026-02-07T05:00:00+05:00,2026-02-07T00:00:00Z,2026-02-05T19:00:00Z,29,0.186245,0.540153,0.908514,2.700765
2026-02-07T06:00:00+05:00,2026-02-07T01:00:00Z,2026-02-05T19:00:00Z,30,0.0,0.175792,0.530323,0.87896
2026-02-07T07:00:00+05:00,2026-02-07T02:00:00Z,2026-02-05T19:00:00Z,31,0.0,0.141593,0.462389,0.707965
2026-02-07T08:00:00+05:00,2026-02-07T03:00:00Z,2026-02-05T19:00:00Z,32,0.0,0.060053,0.304667,0.300265
2026-02-07T09:00:00+05:00,2026-02-07T04:00:00Z,2026-02-05T19:00:00Z,33,0.0,0.077297,0.300292,0.386485
2026-02-07T10:00:00+05:00,2026-02-07T05:00:00Z,2026-02-05T19:00:00Z,34,0.0,0.189386,0.564232,0.94693
2026-02-07T11:00:00+05:00,2026-02-07T06:00:00Z,2026-02-05T19:00:00Z,35,0.0,0.117894,0.534195,0.58947
2026-02-07T12:00:00+05:00,2026-02-07T07:00:00Z,2026-02-05T19:00:00Z,36,0.0,0.244113,0.652867,1.220565
2026-02-07T13:00:00+05:00,2026-02-07T08:00:00Z,2026-02-05T19:00:00Z,37,0.0,0.290181,0.702391,1.450905
2026-02-07T14:00:00+05:00,2026-02-07T09:00:00Z,2026-02-05T19:00:00Z,38,0.0,0.241002,0.667666,1.20501
2026-02-07T15:00:00+05:00,2026-02-07T10:00:00Z,2026-02-05T19:00:00Z,39,0.0,0.184191,0.566671,0.920955
2026-02-07T16:00:00+05:00,2026-02-07T11:00:00Z,2026-02-05T19:00:00Z,40,0.0,0.131787,0.416635,0.658935
2026-02-07T17:00:00+05:00,2026-02-07T12:00:00Z,2026-02-05T19:00:00Z,41,0.0,0.127605,0.40588,0.638025
2026-02-07T18:00:00+05:00,2026-02-07T13:00:00Z,2026-02-05T19:00:00Z,42,0.0,0.16323,0.428732,0.81615
2026-02-07T19:00:00+05:00,2026-02-07T14:00:00Z,2026-02-05T19:00:00Z,43,0.005316,0.279912,0.78286,1.39956
2026-02-07T20:00:00+05:00,2026-02-07T15:00:00Z,2026-02-05T19:00:00Z,44,0.215222,0.661849,1.0,3.309245
2026-02-07T21:00:00+05:00,2026-02-07T16:00:00Z,2026-02-05T19:00:00Z,45,0.326748,0.888033,1.0,4.440165
2026-02-07T22:00:00+05:00,2026-02-07T17:00:00Z,2026-02-05T19:00:00Z,46,0.378083,0.904938,1.0,4.52469
2026-02-07T23:00:00+05:00,2026-02-07T18:00:00Z,2026-02-05T19:00:00Z,47,0.192233,0.541267,1.0,2.706335
2026-02-08T00:00:00+05:00,2026-02-07T19:00:00Z,2026-02-06T19:00:00Z,24,0.436216,0.895173,1.0,4.475865
2026-02-08T01:00:00+05:00,2026-02-07T20:00:00Z,2026-02-06T19:00:00Z,25,0.498543,0.919691,1.0,4.598455
2026-02-08T02:00:00+05:00,2026-02-07T21:00:00Z,2026-02-06T19:00:00Z,26,0.555594,0.928704,1.0,4.64352
2026-02-08T03:00:00+05:00,2026-02-07T22:00:00Z,2026-02-06T19:00:00Z,27,0.550226,0.92536,1.0,4.6268
2026-02-08T04:00:00+05:00,2026-02-07T23:00:00Z,2026-02-06T19:00:00Z,28,0.366151,0.778071,1.0,3.890355
2026-02-08T05:00:00+05:00,2026-02-08T00:00:00Z,2026-02-06T19:00:00Z,29,0.261305,0.687327,1.0,3.436635
2026-02-08T06:00:00+05:00,2026-02-08T01:00:00Z,2026-02-06T19:00:00Z,30,0.181249,0.51834,0.967348,2.5917
2026-02-08T07:00:00+05:00,2026-02-08T02:00:00Z,2026-02-06T19:00:00Z,31,0.184216,0.61769,0.946353,3.08845
2026-02-08T08:00:00+05:00,2026-02-08T03:00:00Z,2026-02-06T19:00:00Z,32,0.075431,0.460714,0.828932,2.30357
2026-02-08T09:00:00+05:00,2026-02-08T04:00:00Z,2026-02-06T19:00:00Z,33,0.008697,0.325225,0.666411,1.626125
2026-02-08T10:00:00+05:00,2026-02-08T05:00:00Z,2026-02-06T19:00:00Z,34,0.0,0.207339,0.515244,1.036695
2026-02-08T11:00:00+05:00,2026-02-08T06:00:00Z,2026-02-06T19:00:00Z,35,0.0,0.033685,0.217754,0.168425
2026-02-08T12:00:00+05:00,2026-02-08T07:00:00Z,2026-02-06T19:00:00Z,36,0.0,0.029336,0.181689,0.14668
2026-02-08T13:00:00+05:00,2026-02-08T08:00:00Z,2026-02-06T19:00:00Z,37,0.0,0.03701,0.23458,0.18505
2026-02-08T14:00:00+05:00,2026-02-08T09:00:00Z,2026-02-06T19:00:00Z,38,0.0,0.180039,0.535985,0.900195
2026-02-08T15:00:00+05:00,2026-02-08T10:00:00Z,2026-02-06T19:00:00Z,39,0.177063,0.530319,0.984321,2.651595
2026-02-08T16:00:00+05:00,2026-02-08T11:00:00Z,2026-02-06T19:00:00Z,40,0.764918,0.97474,1.0,4.8737
2026-02-08T17:00:00+05:00,2026-02-08T12:00:00Z,2026-02-06T19:00:00Z,41,0.379482,0.914896,1.0,4.57448
2026-02-08T18:00:00+05:00,2026-02-08T13:00:00Z,2026-02-06T19:00:00Z,42,0.784712,0.983473,1.0,4.917365
2026-02-08T19:00:00+05:00,2026-02-08T14:00:00Z,2026-02-06T19:00:00Z,43,0.799281,0.982858,1.0,4.91429
2026-02-08T20:00:00+05:00,2026-02-08T15:00:00Z,2026-02-06T19:00:00Z,44,0.782169,0.984741,1.0,4.923705
2026-02-08T21:00:00+05:00,2026-02-08T16:00:00Z,2026-02-06T19:00:00Z,45,0.782169,0.983412,1.0,4.91706
2026-02-08T22:00:00+05:00,2026-02-08T17:00:00Z,2026-02-06T19:00:00Z,46,0.782169,0.983198,1.0,4.91599
2026-02-08T23:00:00+05:00,2026-02-08T18:00:00Z,2026-02-06T19:00:00Z,47,0.766687,0.983317,1.0,4.916585
2026-02-09T00:00:00+05:00,2026-02-08T19:00:00Z,2026-02-07T19:00:00Z,24,0.766464,0.980789,1.0,4.903945
2026-02-09T01:00:00+05:00,2026-02-08T20:00:00Z,2026-02-07T19:00:00Z,25,0.733741,0.978051,1.0,4.890255
2026-02-09T02:00:00+05:00,2026-02-08T21:00:00Z,2026-02-07T19:00:00Z,26,0.696333,0.973242,1.0,4.86621
2026-02-09T03:00:00+05:00,2026-02-08T22:00:00Z,2026-02-07T19:00:00Z,27,0.624645,0.97281,1.0,4.86405
2026-02-09T04:00:00+05:00,2026-02-08T23:00:00Z,2026-02-07T19:00:00Z,28,0.50697,0.966215,1.0,4.831075
2026-02-09T05:00:00+05:00,2026-02-09T00:00:00Z,2026-02-07T19:00:00Z,29,0.498833,0.96564,1.0,4.8282
2026-02-09T06:00:00+05:00,2026-02-09T01:00:00Z,2026-02-07T19:00:00Z,30,0.506387,0.967062,1.0,4.83531
2026-02-09T07:00:00+05:00,2026-02-09T02:00:00Z,2026-02-07T19:00:00Z,31,0.514898,0.957748,1.0,4.78874
2026-02-09T08:00:00+05:00,2026-02-09T03:00:00Z,2026-02-07T19:00:00Z,32,0.515136,0.967112,1.0,4.83556
2026-02-09T09:00:00+05:00,2026-02-09T04:00:00Z,2026-02-07T19:00:00Z,33,0.54314,0.9625,1.0,4.8125
2026-02-09T10:00:00+05:00,2026-02-09T05:00:00Z,2026-02-07T19:00:00Z,34,0.532564,0.972166,1.0,4.86083
2026-02-09T11:00:00+05:00,2026-02-09T06:00:00Z,2026-02-07T19:00:00Z,35,0.518794,0.971012,1.0,4.85506
2026-02-09T12:00:00+05:00,2026-02-09T07:00:00Z,2026-02-07T19:00:00Z,36,0.508476,0.979988,1.0,4.89994
2026-02-09T13:00:00+05:00,2026-02-09T08:00:00Z,2026-02-07T19:00:00Z,37,0.519738,0.979789,1.0,4.898945
2026-02-09T14:00:00+05:00,2026-02-09T09:00:00Z,2026-02-07T19:00:00Z,38,0.532768,0.980448,1.0,4.90224
2026-02-09T15:00:00+05:00,2026-02-09T10:00:00Z,2026-02-07T19:00:00Z,39,0.659121,0.980865,1.0,4.904325
2026-02-09T16:00:00+05:00,2026-02-09T11:00:00Z,2026-02-07T19:00:00Z,40,0.62107,0.969767,1.0,4.848835
2026-02-09T17:00:00+05:00,2026-02-09T12:00:00Z,2026-02-07T19:00:00Z,41,0.599679,0.962992,1.0,4.81496
2026-02-09T18:00:00+05:00,2026-02-09T13:00:00Z,2026-02-07T19:00:00Z,42,0.504519,0.951651,1.0,4.758255
2026-02-09T19:00:00+05:00,2026-02-09T14:00:00Z,2026-02-07T19:00:00Z,43,0.519443,0.928226,1.0,4.64113
2026-02-09T20:00:00+05:00,2026-02-09T15:00:00Z,2026-02-07T19:00:00Z,44,0.396009,0.891855,1.0,4.459275
2026-02-09T21:00:00+05:00,2026-02-09T16:00:00Z,2026-02-07T19:00:00Z,45,0.400655,0.916582,1.0,4.58291
2026-02-09T22:00:00+05:00,2026-02-09T17:00:00Z,2026-02-07T19:00:00Z,46,0.378974,0.906667,1.0,4.533335
2026-02-09T23:00:00+05:00,2026-02-09T18:00:00Z,2026-02-07T19:00:00Z,47,0.132133,0.551123,0.940914,2.755615
2026-02-10T00:00:00+05:00,2026-02-09T19:00:00Z,2026-02-08T19:00:00Z,24,0.03367,0.363243,0.809242,1.816215
2026-02-10T01:00:00+05:00,2026-02-09T20:00:00Z,2026-02-08T19:00:00Z,25,0.059237,0.36775,0.905013,1.83875
2026-02-10T02:00:00+05:00,2026-02-09T21:00:00Z,2026-02-08T19:00:00Z,26,0.0,0.353834,0.813596,1.76917
2026-02-10T03:00:00+05:00,2026-02-09T22:00:00Z,2026-02-08T19:00:00Z,27,0.0,0.246932,0.575859,1.23466
2026-02-10T04:00:00+05:00,2026-02-09T23:00:00Z,2026-02-08T19:00:00Z,28,0.0,0.183653,0.510575,0.918265
2026-02-10T05:00:00+05:00,2026-02-10T00:00:00Z,2026-02-08T19:00:00Z,29,0.0,0.41699,0.858585,2.08495
2026-02-10T06:00:00+05:00,2026-02-10T01:00:00Z,2026-02-08T19:00:00Z,30,0.043937,0.417185,1.0,2.085925
2026-02-10T07:00:00+05:00,2026-02-10T02:00:00Z,2026-02-08T19:00:00Z,31,0.0,0.430081,0.823007,2.150405
2026-02-10T08:00:00+05:00,2026-02-10T03:00:00Z,2026-02-08T19:00:00Z,32,0.0,0.361686,0.823121,1.80843
2026-02-10T09:00:00+05:00,2026-02-10T04:00:00Z,2026-02-08T19:00:00Z,33,0.0,0.195775,0.635483,0.978875
2026-02-10T10:00:00+05:00,2026-02-10T05:00:00Z,2026-02-08T19:00:00Z,34,0.0,0.174161,0.626345,0.870805
2026-02-10T11:00:00+05:00,2026-02-10T06:00:00Z,2026-02-08T19:00:00Z,35,0.0,0.102504,0.543369,0.51252
2026-02-10T12:00:00+05:00,2026-02-10T07:00:00Z,2026-02-08T19:00:00Z,36,0.007706,0.389247,0.805115,1.946235
2026-02-10T13:00:00+05:00,2026-02-10T08:00:00Z,2026-02-08T19:00:00Z,37,0.116539,0.514534,0.933059,2.57267
2026-02-10T14:00:00+05:00,2026-02-10T09:00:00Z,2026-02-08T19:00:00Z,38,0.172959,0.539982,0.983386,2.69991
2026-02-10T15:00:00+05:00,2026-02-10T10:00:00Z,2026-02-08T19:00:00Z,39,0.10004,0.500247,1.0,2.501235
2026-02-10T16:00:00+05:00,2026-02-10T11:00:00Z,2026-02-08T19:00:00Z,40,0.093957,0.585015,1.0,2.925075
2026-02-10T17:00:00+05:00,2026-02-10T12:00:00Z,2026-02-08T19:00:00Z,41,0.087175,0.566656,1.0,2.83328
2026-02-10T18:00:00+05:00,2026-02-10T13:00:00Z,2026-02-08T19:00:00Z,42,0.051622,0.479183,0.959734,2.395915
2026-02-10T19:00:00+05:00,2026-02-10T14:00:00Z,2026-02-08T19:00:00Z,43,0.0,0.226733,0.718103,1.133665
2026-02-10T20:00:00+05:00,2026-02-10T15:00:00Z,2026-02-08T19:00:00Z,44,0.024591,0.365286,0.830257,1.82643
2026-02-10T21:00:00+05:00,2026-02-10T16:00:00Z,2026-02-08T19:00:00Z,45,0.008513,0.316249,0.820631,1.581245
2026-02-10T22:00:00+05:00,2026-02-10T17:00:00Z,2026-02-08T19:00:00Z,46,0.075094,0.436577,0.974176,2.182885
2026-02-10T23:00:00+05:00,2026-02-10T18:00:00Z,2026-02-08T19:00:00Z,47,0.144097,0.522917,1.0,2.614585
2026-02-11T00:00:00+05:00,2026-02-10T19:00:00Z,2026-02-09T19:00:00Z,24,0.579674,0.96126,1.0,4.8063
2026-02-11T01:00:00+05:00,2026-02-10T20:00:00Z,2026-02-09T19:00:00Z,25,0.548158,0.952947,1.0,4.764735
2026-02-11T02:00:00+05:00,2026-02-10T21:00:00Z,2026-02-09T19:00:00Z,26,0.593782,0.953381,1.0,4.766905
2026-02-11T03:00:00+05:00,2026-02-10T22:00:00Z,2026-02-09T19:00:00Z,27,0.5464,0.922406,1.0,4.61203
2026-02-11T04:00:00+05:00,2026-02-10T23:00:00Z,2026-02-09T19:00:00Z,28,0.513933,0.926587,1.0,4.632935
2026-02-11T05:00:00+05:00,2026-02-11T00:00:00Z,2026-02-09T19:00:00Z,29,0.265353,0.658525,1.0,3.292625
2026-02-11T06:00:00+05:00,2026-02-11T01:00:00Z,2026-02-09T19:00:00Z,30,0.0,0.094965,0.396252,0.474825
2026-02-11T07:00:00+05:00,2026-02-11T02:00:00Z,2026-02-09T19:00:00Z,31,0.0,0.032033,0.301842,0.160165
2026-02-11T08:00:00+05:00,2026-02-11T03:00:00Z,2026-02-09T19:00:00Z,32,0.0,0.029287,0.252878,0.146435
2026-02-11T09:00:00+05:00,2026-02-11T04:00:00Z,2026-02-09T19:00:00Z,33,0.0,0.054698,0.317055,0.27349
2026-02-11T10:00:00+05:00,2026-02-11T05:00:00Z,2026-02-09T19:00:00Z,34,0.0,0.064,0.30608,0.32
2026-02-11T11:00:00+05:00,2026-02-11T06:00:00Z,2026-02-09T19:00:00Z,35,0.081943,0.366925,0.898859,1.834625
2026-02-11T12:00:00+05:00,2026-02-11T07:00:00Z,2026-02-09T19:00:00Z,36,0.091433,0.365566,0.948313,1.82783
2026-02-11T13:00:00+05:00,2026-02-11T08:00:00Z,2026-02-09T19:00:00Z,37,0.0,0.334552,0.923993,1.67276
2026-02-11T14:00:00+05:00,2026-02-11T09:00:00Z,2026-02-09T19:00:00Z,38,0.0,0.221812,0.727286,1.10906
2026-02-11T15:00:00+05:00,2026-02-11T10:00:00Z,2026-02-09T19:00:00Z,39,0.263217,0.633138,1.0,3.16569
2026-02-11T16:00:00+05:00,2026-02-11T11:00:00Z,2026-02-09T19:00:00Z,40,0.485967,0.977652,1.0,4.88826
2026-02-11T17:00:00+05:00,2026-02-11T12:00:00Z,2026-02-09T19:00:00Z,41,0.678733,0.984251,1.0,4.921255
2026-02-11T18:00:00+05:00,2026-02-11T13:00:00Z,2026-02-09T19:00:00Z,42,0.726012,0.983128,1.0,4.91564
2026-02-11T19:00:00+05:00,2026-02-11T14:00:00Z,2026-02-09T19:00:00Z,43,0.563478,0.929131,1.0,4.645655
2026-02-11T20:00:00+05:00,2026-02-11T15:00:00Z,2026-02-09T19:00:00Z,44,0.524488,0.923461,1.0,4.617305
2026-02-11T21:00:00+05:00,2026-02-11T16:00:00Z,2026-02-09T19:00:00Z,45,0.386776,0.812097,1.0,4.060485
2026-02-11T22:00:00+05:00,2026-02-11T17:00:00Z,2026-02-09T19:00:00Z,46,0.304137,0.725193,1.0,3.625965
2026-02-11T23:00:00+05:00,2026-02-11T18:00:00Z,2026-02-09T19:00:00Z,47,0.458187,0.864101,1.0,4.320505
2026-02-12T00:00:00+05:00,2026-02-11T19:00:00Z,2026-02-10T19:00:00Z,24,0.538682,0.917659,1.0,4.588295
2026-02-12T01:00:00+05:00,2026-02-11T20:00:00Z,2026-02-10T19:00:00Z,25,0.425552,0.821831,1.0,4.109155
2026-02-12T02:00:00+05:00,2026-02-11T21:00:00Z,2026-02-10T19:00:00Z,26,0.241848,0.650215,1.0,3.251075
2026-02-12T03:00:00+05:00,2026-02-11T22:00:00Z,2026-02-10T19:00:00Z,27,0.14005,0.479983,0.946969,2.399915
2026-02-12T04:00:00+05:00,2026-02-11T23:00:00Z,2026-02-10T19:00:00Z,28,0.172793,0.508431,0.974894,2.542155
2026-02-12T05:00:00+05:00,2026-02-12T00:00:00Z,2026-02-10T19:00:00Z,29,0.146813,0.434415,0.938997,2.172075
2026-02-12T06:00:00+05:00,2026-02-12T01:00:00Z,2026-02-10T19:00:00Z,30,0.031775,0.297262,0.756852,1.48631
2026-02-12T07:00:00+05:00,2026-02-12T02:00:00Z,2026-02-10T19:00:00Z,31,0.0,0.14054,0.512986,0.7027
2026-02-12T08:00:00+05:00,2026-02-12T03:00:00Z,2026-02-10T19:00:00Z,32,0.0,0.127384,0.374922,0.63692
2026-02-12T09:00:00+05:00,2026-02-12T04:00:00Z,2026-02-10T19:00:00Z,33,0.0,0.043463,0.28437,0.217315
2026-02-12T10:00:00+05:00,2026-02-12T05:00:00Z,2026-02-10T19:00:00Z,34,0.0,0.027834,0.261023,0.13917
2026-02-12T11:00:00+05:00,2026-02-12T06:00:00Z,2026-02-10T19:00:00Z,35,0.0,0.015391,0.214082,0.076955
2026-02-12T12:00:00+05:00,2026-02-12T07:00:00Z,2026-02-10T19:00:00Z,36,0.0,0.030664,0.235972,0.15332
2026-02-12T13:00:00+05:00,2026-02-12T08:00:00Z,2026-02-10T19:00:00Z,37,0.0,0.033661,0.255879,0.168305
2026-02-12T14:00:00+05:00,2026-02-12T09:00:00Z,2026-02-10T19:00:00Z,38,0.0,0.037955,0.26789,0.189775
2026-02-12T15:00:00+05:00,2026-02-12T10:00:00Z,2026-02-10T19:00:00Z,39,0.0,0.100136,0.422945,0.50068
2026-02-12T16:00:00+05:00,2026-02-12T11:00:00Z,2026-02-10T19:00:00Z,40,0.0,0.203288,0.549418,1.01644
2026-02-12T17:00:00+05:00,2026-02-12T12:00:00Z,2026-02-10T19:00:00Z,41,0.010174,0.250876,0.831864,1.25438
2026-02-12T18:00:00+05:00,2026-02-12T13:00:00Z,2026-02-10T19:00:00Z,42,0.087183,0.370096,0.971505,1.85048
2026-02-12T19:00:00+05:00,2026-02-12T14:00:00Z,2026-02-10T19:00:00Z,43,0.015963,0.339565,0.791068,1.697825
2026-02-12T20:00:00+05:00,2026-02-12T15:00:00Z,2026-02-10T19:00:00Z,44,0.000825,0.322275,0.751864,1.611375
2026-02-12T21:00:00+05:00,2026-02-12T16:00:00Z,2026-02-10T19:00:00Z,45,0.0,0.301498,0.71782,1.50749
2026-02-12T22:00:00+05:00,2026-02-12T17:00:00Z,2026-02-10T19:00:00Z,46,0.0,0.235815,0.678787,1.179075
2026-02-12T23:00:00+05:00,2026-02-12T18:00:00Z,2026-02-10T19:00:00Z,47,0.0,0.188717,0.450245,0.943585
2026-02-13T00:00:00+05:00,2026-02-12T19:00:00Z,2026-02-11T19:00:00Z,24,0.0,0.15577,0.589768,0.77885
2026-02-13T01:00:00+05:00,2026-02-12T20:00:00Z,2026-02-11T19:00:00Z,25,0.0,0.138263,0.640932,0.691315
2026-02-13T02:00:00+05:00,2026-02-12T21:00:00Z,2026-02-11T19:00:00Z,26,0.0,0.133264,0.474593,0.66632
2026-02-13T03:00:00+05:00,2026-02-12T22:00:00Z,2026-02-11T19:00:00Z,27,0.0,0.138707,0.465297,0.693535
2026-02-13T04:00:00+05:00,2026-02-12T23:00:00Z,2026-02-11T19:00:00Z,28,0.0,0.063852,0.368,0.31926
2026-02-13T05:00:00+05:00,2026-02-13T00:00:00Z,2026-02-11T19:00:00Z,29,0.0,0.042249,0.311984,0.211245
2026-02-13T06:00:00+05:00,2026-02-13T01:00:00Z,2026-02-11T19:00:00Z,30,0.0,0.027698,0.257222,0.13849
2026-02-13T07:00:00+05:00,2026-02-13T02:00:00Z,2026-02-11T19:00:00Z,31,0.0,0.023164,0.251213,0.11582
2026-02-13T08:00:00+05:00,2026-02-13T03:00:00Z,2026-02-11T19:00:00Z,32,0.0,0.034918,0.304763,0.17459
2026-02-13T09:00:00+05:00,2026-02-13T04:00:00Z,2026-02-11T19:00:00Z,33,0.0,0.047723,0.296719,0.238615
2026-02-13T10:00:00+05:00,2026-02-13T05:00:00Z,2026-02-11T19:00:00Z,34,0.0,0.017554,0.224566,0.08777
2026-02-13T11:00:00+05:00,2026-02-13T06:00:00Z,2026-02-11T19:00:00Z,35,0.0,0.040349,0.292833,0.201745
2026-02-13T12:00:00+05:00,2026-02-13T07:00:00Z,2026-02-11T19:00:00Z,36,0.0,0.009397,0.204338,0.046985
2026-02-13T13:00:00+05:00,2026-02-13T08:00:00Z,2026-02-11T19:00:00Z,37,0.0,0.025037,0.239851,0.125185
2026-02-13T14:00:00+05:00,2026-02-13T09:00:00Z,2026-02-11T19:00:00Z,38,0.0,0.036142,0.226524,0.18071
2026-02-13T15:00:00+05:00,2026-02-13T10:00:00Z,2026-02-11T19:00:00Z,39,0.0,0.042777,0.286442,0.213885
2026-02-13T16:00:00+05:00,2026-02-13T11:00:00Z,2026-02-11T19:00:00Z,40,0.0,0.095338,0.378921,0.47669
2026-02-13T17:00:00+05:00,2026-02-13T12:00:00Z,2026-02-11T19:00:00Z,41,0.0,0.110439,0.387609,0.552195
2026-02-13T18:00:00+05:00,2026-02-13T13:00:00Z,2026-02-11T19:00:00Z,42,0.0,0.083482,0.380853,0.41741
2026-02-13T19:00:00+05:00,2026-02-13T14:00:00Z,2026-02-11T19:00:00Z,43,0.0,0.219087,0.614968,1.095435
2026-02-13T20:00:00+05:00,2026-02-13T15:00:00Z,2026-02-11T19:00:00Z,44,0.0,0.159087,0.444699,0.795435
2026-02-13T21:00:00+05:00,2026-02-13T16:00:00Z,2026-02-11T19:00:00Z,45,0.0,0.095693,0.367203,0.478465
2026-02-13T22:00:00+05:00,2026-02-13T17:00:00Z,2026-02-11T19:00:00Z,46,0.0,0.191602,0.619916,0.95801
2026-02-13T23:00:00+05:00,2026-02-13T18:00:00Z,2026-02-11T19:00:00Z,47,0.047549,0.413508,0.804541,2.06754
2026-02-14T00:00:00+05:00,2026-02-13T19:00:00Z,2026-02-12T19:00:00Z,24,0.287044,0.704777,1.0,3.523885
2026-02-14T01:00:00+05:00,2026-02-13T20:00:00Z,2026-02-12T19:00:00Z,25,0.371643,0.810063,1.0,4.050315
2026-02-14T02:00:00+05:00,2026-02-13T21:00:00Z,2026-02-12T19:00:00Z,26,0.397213,0.794653,1.0,3.973265
2026-02-14T03:00:00+05:00,2026-02-13T22:00:00Z,2026-02-12T19:00:00Z,27,0.412093,0.830358,1.0,4.15179
2026-02-14T04:00:00+05:00,2026-02-13T23:00:00Z,2026-02-12T19:00:00Z,28,0.458344,0.83788,1.0,4.1894
2026-02-14T05:00:00+05:00,2026-02-14T00:00:00Z,2026-02-12T19:00:00Z,29,0.387656,0.799571,1.0,3.997855
2026-02-14T06:00:00+05:00,2026-02-14T01:00:00Z,2026-02-12T19:00:00Z,30,0.0,0.155352,0.64958,0.77676
2026-02-14T07:00:00+05:00,2026-02-14T02:00:00Z,2026-02-12T19:00:00Z,31,0.0,0.091199,0.529608,0.455995
2026-02-14T08:00:00+05:00,2026-02-14T03:00:00Z,2026-02-12T19:00:00Z,32,0.0,0.109571,0.514986,0.547855
2026-02-14T09:00:00+05:00,2026-02-14T04:00:00Z,2026-02-12T19:00:00Z,33,0.0,0.06809,0.525004,0.34045
2026-02-14T10:00:00+05:00,2026-02-14T05:00:00Z,2026-02-12T19:00:00Z,34,0.0,0.081647,0.509017,0.408235
2026-02-14T11:00:00+05:00,2026-02-14T06:00:00Z,2026-02-12T19:00:00Z,35,0.0,0.051992,0.586931,0.25996
2026-02-14T12:00:00+05:00,2026-02-14T07:00:00Z,2026-02-12T19:00:00Z,36,0.0,0.138192,0.67029,0.69096
2026-02-14T13:00:00+05:00,2026-02-14T08:00:00Z,2026-02-12T19:00:00Z,37,0.0,0.216174,0.759185,1.08087
2026-02-14T14:00:00+05:00,2026-02-14T09:00:00Z,2026-02-12T19:00:00Z,38,0.0,0.384095,0.81501,1.920475
2026-02-14T15:00:00+05:00,2026-02-14T10:00:00Z,2026-02-12T19:00:00Z,39,0.0,0.179528,0.5607,0.89764
2026-02-14T16:00:00+05:00,2026-02-14T11:00:00Z,2026-02-12T19:00:00Z,40,0.0,0.319614,0.76929,1.59807
2026-02-14T17:00:00+05:00,2026-02-14T12:00:00Z,2026-02-12T19:00:00Z,41,0.0,0.255757,0.780462,1.278785
2026-02-14T18:00:00+05:00,2026-02-14T13:00:00Z,2026-02-12T19:00:00Z,42,0.0,0.051514,0.401528,0.25757
2026-02-14T19:00:00+05:00,2026-02-14T14:00:00Z,2026-02-12T19:00:00Z,43,0.0,0.120989,0.473045,0.604945
2026-02-14T20:00:00+05:00,2026-02-14T15:00:00Z,2026-02-12T19:00:00Z,44,0.015871,0.238664,0.730242,1.19332
2026-02-14T21:00:00+05:00,2026-02-14T16:00:00Z,2026-02-12T19:00:00Z,45,0.005915,0.275313,0.681053,1.376565
2026-02-14T22:00:00+05:00,2026-02-14T17:00:00Z,2026-02-12T19:00:00Z,46,0.0,0.141179,0.456848,0.705895
2026-02-14T23:00:00+05:00,2026-02-14T18:00:00Z,2026-02-12T19:00:00Z,47,0.0,0.120196,0.432455,0.60098
2026-02-15T00:00:00+05:00,2026-02-14T19:00:00Z,2026-02-13T19:00:00Z,24,0.0,0.245515,0.676117,1.227575
2026-02-15T01:00:00+05:00,2026-02-14T20:00:00Z,2026-02-13T19:00:00Z,25,0.0,0.11447,0.435929,0.57235
2026-02-15T02:00:00+05:00,2026-02-14T21:00:00Z,2026-02-13T19:00:00Z,26,0.0,0.01889,0.213765,0.09445
2026-02-15T03:00:00+05:00,2026-02-14T22:00:00Z,2026-02-13T19:00:00Z,27,0.0,0.084087,0.340176,0.420435
2026-02-15T04:00:00+05:00,2026-02-14T23:00:00Z,2026-02-13T19:00:00Z,28,0.0,0.065114,0.32361,0.32557
2026-02-15T05:00:00+05:00,2026-02-15T00:00:00Z,2026-02-13T19:00:00Z,29,0.0,0.07298,0.285958,0.3649
2026-02-15T06:00:00+05:00,2026-02-15T01:00:00Z,2026-02-13T19:00:00Z,30,0.0,0.104553,0.34939,0.522765
2026-02-15T07:00:00+05:00,2026-02-15T02:00:00Z,2026-02-13T19:00:00Z,31,0.0,0.174134,0.505105,0.87067
2026-02-15T08:00:00+05:00,2026-02-15T03:00:00Z,2026-02-13T19:00:00Z,32,0.0,0.168183,0.680623,0.840915
2026-02-15T09:00:00+05:00,2026-02-15T04:00:00Z,2026-02-13T19:00:00Z,33,0.106854,0.36835,0.931203,1.84175
2026-02-15T10:00:00+05:00,2026-02-15T05:00:00Z,2026-02-13T19:00:00Z,34,0.365956,0.835348,1.0,4.17674
2026-02-15T11:00:00+05:00,2026-02-15T06:00:00Z,2026-02-13T19:00:00Z,35,0.547558,0.92784,1.0,4.6392
2026-02-15T12:00:00+05:00,2026-02-15T07:00:00Z,2026-02-13T19:00:00Z,36,0.699616,0.947331,1.0,4.736655
2026-02-15T13:00:00+05:00,2026-02-15T08:00:00Z,2026-02-13T19:00:00Z,37,0.762904,0.979469,1.0,4.897345
2026-02-15T14:00:00+05:00,2026-02-15T09:00:00Z,2026-02-13T19:00:00Z,38,0.806844,0.979998,1.0,4.89999
2026-02-15T15:00:00+05:00,2026-02-15T10:00:00Z,2026-02-13T19:00:00Z,39,0.775761,0.977881,1.0,4.889405
2026-02-15T16:00:00+05:00,2026-02-15T11:00:00Z,2026-02-13T19:00:00Z,40,0.768465,0.976457,1.0,4.882285
2026-02-15T17:00:00+05:00,2026-02-15T12:00:00Z,2026-02-13T19:00:00Z,41,0.690965,0.954695,1.0,4.773475
2026-02-15T18:00:00+05:00,2026-02-15T13:00:00Z,2026-02-13T19:00:00Z,42,0.611328,0.944317,1.0,4.721585
2026-02-15T19:00:00+05:00,2026-02-15T14:00:00Z,2026-02-13T19:00:00Z,43,0.696553,0.956763,1.0,4.783815
2026-02-15T20:00:00+05:00,2026-02-15T15:00:00Z,2026-02-13T19:00:00Z,44,0.684758,0.96026,1.0,4.8013
2026-02-15T21:00:00+05:00,2026-02-15T16:00:00Z,2026-02-13T19:00:00Z,45,0.570646,0.946973,1.0,4.734865
2026-02-15T22:00:00+05:00,2026-02-15T17:00:00Z,2026-02-13T19:00:00Z,46,0.634676,0.9546,1.0,4.773
2026-02-15T23:00:00+05:00,2026-02-15T18:00:00Z,2026-02-13T19:00:00Z,47,0.508787,0.870878,1.0,4.35439
2026-02-16T00:00:00+05:00,2026-02-15T19:00:00Z,2026-02-14T19:00:00Z,24,0.401209,0.805818,1.0,4.02909
2026-02-16T01:00:00+05:00,2026-02-15T20:00:00Z,2026-02-14T19:00:00Z,25,0.364934,0.766845,1.0,3.834225
2026-02-16T02:00:00+05:00,2026-02-15T21:00:00Z,2026-02-14T19:00:00Z,26,0.360285,0.775442,1.0,3.87721
2026-02-16T03:00:00+05:00,2026-02-15T22:00:00Z,2026-02-14T19:00:00Z,27,0.311975,0.693269,1.0,3.466345
2026-02-16T04:00:00+05:00,2026-02-15T23:00:00Z,2026-02-14T19:00:00Z,28,0.14899,0.509994,0.915285,2.54997
2026-02-16T05:00:00+05:00,2026-02-16T00:00:00Z,2026-02-14T19:00:00Z,29,0.354262,0.705974,1.0,3.52987
2026-02-16T06:00:00+05:00,2026-02-16T01:00:00Z,2026-02-14T19:00:00Z,30,0.212515,0.574528,0.960177,2.87264
2026-02-16T07:00:00+05:00,2026-02-16T02:00:00Z,2026-02-14T19:00:00Z,31,0.155493,0.525169,0.951199,2.625845
2026-02-16T08:00:00+05:00,2026-02-16T03:00:00Z,2026-02-14T19:00:00Z,32,0.091107,0.413632,0.859586,2.06816
2026-02-16T09:00:00+05:00,2026-02-16T04:00:00Z,2026-02-14T19:00:00Z,33,0.179571,0.643195,1.0,3.215975
2026-02-16T10:00:00+05:00,2026-02-16T05:00:00Z,2026-02-14T19:00:00Z,34,0.131626,0.534404,0.976665,2.67202
2026-02-16T11:00:00+05:00,2026-02-16T06:00:00Z,2026-02-14T19:00:00Z,35,0.128086,0.529736,0.987792,2.64868
2026-02-16T12:00:00+05:00,2026-02-16T07:00:00Z,2026-02-14T19:00:00Z,36,0.409015,0.838502,1.0,4.19251
2026-02-16T13:00:00+05:00,2026-02-16T08:00:00Z,2026-02-14T19:00:00Z,37,0.134768,0.529605,0.972726,2.648025
2026-02-16T14:00:00+05:00,2026-02-16T09:00:00Z,2026-02-14T19:00:00Z,38,0.154125,0.587861,1.0,2.939305
2026-02-16T15:00:00+05:00,2026-02-16T10:00:00Z,2026-02-14T19:00:00Z,39,0.096597,0.550704,0.983011,2.75352
2026-02-16T16:00:00+05:00,2026-02-16T11:00:00Z,2026-02-14T19:00:00Z,40,0.276972,0.807263,1.0,4.036315
2026-02-16T17:00:00+05:00,2026-02-16T12:00:00Z,2026-02-14T19:00:00Z,41,0.664959,0.946613,1.0,4.733065
2026-02-16T18:00:00+05:00,2026-02-16T13:00:00Z,2026-02-14T19:00:00Z,42,0.718126,0.970228,1.0,4.85114
2026-02-16T19:00:00+05:00,2026-02-16T14:00:00Z,2026-02-14T19:00:00Z,43,0.393337,0.823067,1.0,4.115335
2026-02-16T20:00:00+05:00,2026-02-16T15:00:00Z,2026-02-14T19:00:00Z,44,0.406193,0.808936,1.0,4.04468
2026-02-16T21:00:00+05:00,2026-02-16T16:00:00Z,2026-02-14T19:00:00Z,45,0.414452,0.824202,1.0,4.12101
2026-02-16T22:00:00+05:00,2026-02-16T17:00:00Z,2026-02-14T19:00:00Z,46,0.424826,0.823065,1.0,4.115325
2026-02-16T23:00:00+05:00,2026-02-16T18:00:00Z,2026-02-14T19:00:00Z,47,0.476227,0.921201,1.0,4.606005
2026-02-17T00:00:00+05:00,2026-02-16T19:00:00Z,2026-02-15T19:00:00Z,24,0.324706,0.717389,1.0,3.586945
2026-02-17T01:00:00+05:00,2026-02-16T20:00:00Z,2026-02-15T19:00:00Z,25,0.414071,0.803404,1.0,4.01702
2026-02-17T02:00:00+05:00,2026-02-16T21:00:00Z,2026-02-15T19:00:00Z,26,0.222657,0.621386,1.0,3.10693
2026-02-17T03:00:00+05:00,2026-02-16T22:00:00Z,2026-02-15T19:00:00Z,27,0.292711,0.658736,1.0,3.29368
2026-02-17T04:00:00+05:00,2026-02-16T23:00:00Z,2026-02-15T19:00:00Z,28,0.127321,0.507741,0.948579,2.538705
2026-02-17T05:00:00+05:00,2026-02-17T00:00:00Z,2026-02-15T19:00:00Z,29,0.0,0.144056,0.511223,0.72028
2026-02-17T06:00:00+05:00,2026-02-17T01:00:00Z,2026-02-15T19:00:00Z,30,0.0,0.170867,0.564598,0.854335
2026-02-17T07:00:00+05:00,2026-02-17T02:00:00Z,2026-02-15T19:00:00Z,31,0.0,0.123402,0.413231,0.61701
2026-02-17T08:00:00+05:00,2026-02-17T03:00:00Z,2026-02-15T19:00:00Z,32,0.0,0.132049,0.368928,0.660245
2026-02-17T09:00:00+05:00,2026-02-17T04:00:00Z,2026-02-15T19:00:00Z,33,0.0,0.14131,0.330519,0.70655
2026-02-17T10:00:00+05:00,2026-02-17T05:00:00Z,2026-02-15T19:00:00Z,34,0.0,0.056565,0.293877,0.282825
2026-02-17T11:00:00+05:00,2026-02-17T06:00:00Z,2026-02-15T19:00:00Z,35,0.0,0.118545,0.536932,0.592725
2026-02-17T12:00:00+05:00,2026-02-17T07:00:00Z,2026-02-15T19:00:00Z,36,0.0,0.215342,0.594927,1.07671
2026-02-17T13:00:00+05:00,2026-02-17T08:00:00Z,2026-02-15T19:00:00Z,37,0.0,0.220987,0.666981,1.104935
2026-02-17T14:00:00+05:00,2026-02-17T09:00:00Z,2026-02-15T19:00:00Z,38,0.03281,0.288009,0.805982,1.440045
2026-02-17T15:00:00+05:00,2026-02-17T10:00:00Z,2026-02-15T19:00:00Z,39,0.063458,0.373563,0.894768,1.867815
2026-02-17T16:00:00+05:00,2026-02-17T11:00:00Z,2026-02-15T19:00:00Z,40,0.097381,0.465773,0.929107,2.328865
2026-02-17T17:00:00+05:00,2026-02-17T12:00:00Z,2026-02-15T19:00:00Z,41,0.064955,0.381572,0.935916,1.90786
2026-02-17T18:00:00+05:00,2026-02-17T13:00:00Z,2026-02-15T19:00:00Z,42,0.0,0.222305,0.816,1.111525
2026-02-17T19:00:00+05:00,2026-02-17T14:00:00Z,2026-02-15T19:00:00Z,43,0.0323,0.342311,0.870838,1.711555
2026-02-17T20:00:00+05:00,2026-02-17T15:00:00Z,2026-02-15T19:00:00Z,44,0.146893,0.544041,0.962492,2.720205
2026-02-17T21:00:00+05:00,2026-02-17T16:00:00Z,2026-02-15T19:00:00Z,45,0.149659,0.519165,0.956115,2.595825
2026-02-17T22:00:00+05:00,2026-02-17T17:00:00Z,2026-02-15T19:00:00Z,46,0.405393,0.804752,1.0,4.02376
2026-02-17T23:00:00+05:00,2026-02-17T18:00:00Z,2026-02-15T19:00:00Z,47,0.079915,0.375666,0.888206,1.87833
2026-02-18T00:00:00+05:00,2026-02-17T19:00:00Z,2026-02-16T19:00:00Z,24,0.420543,0.851765,1.0,4.258825
2026-02-18T01:00:00+05:00,2026-02-17T20:00:00Z,2026-02-16T19:00:00Z,25,0.407508,0.79264,1.0,3.9632
2026-02-18T02:00:00+05:00,2026-02-17T21:00:00Z,2026-02-16T19:00:00Z,26,0.371687,0.767713,1.0,3.838565
2026-02-18T03:00:00+05:00,2026-02-17T22:00:00Z,2026-02-16T19:00:00Z,27,0.472306,0.861161,1.0,4.305805
2026-02-18T04:00:00+05:00,2026-02-17T23:00:00Z,2026-02-16T19:00:00Z,28,0.385624,0.75939,1.0,3.79695
2026-02-18T05:00:00+05:00,2026-02-18T00:00:00Z,2026-02-16T19:00:00Z,29,0.537529,0.886521,1.0,4.432605
2026-02-18T06:00:00+05:00,2026-02-18T01:00:00Z,2026-02-16T19:00:00Z,30,0.534005,0.886401,1.0,4.432005
2026-02-18T07:00:00+05:00,2026-02-18T02:00:00Z,2026-02-16T19:00:00Z,31,0.443334,0.830073,1.0,4.150365
2026-02-18T08:00:00+05:00,2026-02-18T03:00:00Z,2026-02-16T19:00:00Z,32,0.518938,0.86542,1.0,4.3271
2026-02-18T09:00:00+05:00,2026-02-18T04:00:00Z,2026-02-16T19:00:00Z,33,0.62966,0.950738,1.0,4.75369
2026-02-18T10:00:00+05:00,2026-02-18T05:00:00Z,2026-02-16T19:00:00Z,34,0.634146,0.945417,1.0,4.727085
2026-02-18T11:00:00+05:00,2026-02-18T06:00:00Z,2026-02-16T19:00:00Z,35,0.781998,0.971327,1.0,4.856635
2026-02-18T12:00:00+05:00,2026-02-18T07:00:00Z,2026-02-16T19:00:00Z,36,0.799153,0.978467,1.0,4.892335
2026-02-18T13:00:00+05:00,2026-02-18T08:00:00Z,2026-02-16T19:00:00Z,37,0.802803,0.977918,1.0,4.88959
2026-02-18T14:00:00+05:00,2026-02-18T09:00:00Z,2026-02-16T19:00:00Z,38,0.809564,0.975882,1.0,4.87941
2026-02-18T15:00:00+05:00,2026-02-18T10:00:00Z,2026-02-16T19:00:00Z,39,0.820669,0.974786,1.0,4.87393
2026-02-18T16:00:00+05:00,2026-02-18T11:00:00Z,2026-02-16T19:00:00Z,40,0.814036,0.976615,1.0,4.883075
2026-02-18T17:00:00+05:00,2026-02-18T12:00:00Z,2026-02-16T19:00:00Z,41,0.757815,0.946207,1.0,4.731035
2026-02-18T18:00:00+05:00,2026-02-18T13:00:00Z,2026-02-16T19:00:00Z,42,0.63422,0.948303,1.0,4.741515
2026-02-18T19:00:00+05:00,2026-02-18T14:00:00Z,2026-02-16T19:00:00Z,43,0.350815,0.747944,1.0,3.73972
2026-02-18T20:00:00+05:00,2026-02-18T15:00:00Z,2026-02-16T19:00:00Z,44,0.088525,0.442816,0.862573,2.21408
2026-02-18T21:00:00+05:00,2026-02-18T16:00:00Z,2026-02-16T19:00:00Z,45,0.0,0.300328,0.720899,1.50164
2026-02-18T22:00:00+05:00,2026-02-18T17:00:00Z,2026-02-16T19:00:00Z,46,0.037534,0.406498,0.880211,2.03249
2026-02-18T23:00:00+05:00,2026-02-18T18:00:00Z,2026-02-16T19:00:00Z,47,0.140043,0.480613,0.919205,2.403065
2026-02-19T00:00:00+05:00,2026-02-18T19:00:00Z,2026-02-17T19:00:00Z,24,0.587596,0.97788,1.0,4.8894
2026-02-19T01:00:00+05:00,2026-02-18T20:00:00Z,2026-02-17T19:00:00Z,25,0.472494,0.902285,1.0,4.511425
2026-02-19T02:00:00+05:00,2026-02-18T21:00:00Z,2026-02-17T19:00:00Z,26,0.463082,0.907215,1.0,4.536075
2026-02-19T03:00:00+05:00,2026-02-18T22:00:00Z,2026-02-17T19:00:00Z,27,0.526448,0.986585,1.0,4.932925
2026-02-19T04:00:00+05:00,2026-02-18T23:00:00Z,2026-02-17T19:00:00Z,28,0.521234,0.949726,1.0,4.74863
2026-02-19T05:00:00+05:00,2026-02-19T00:00:00Z,2026-02-17T19:00:00Z,29,0.451356,0.883698,1.0,4.41849
2026-02-19T06:00:00+05:00,2026-02-19T01:00:00Z,2026-02-17T19:00:00Z,30,0.401112,0.800112,1.0,4.00056
2026-02-19T07:00:00+05:00,2026-02-19T02:00:00Z,2026-02-17T19:00:00Z,31,0.270232,0.642868,1.0,3.21434
2026-02-19T08:00:00+05:00,2026-02-19T03:00:00Z,2026-02-17T19:00:00Z,32,0.205011,0.53144,0.972453,2.6572
2026-02-19T09:00:00+05:00,2026-02-19T04:00:00Z,2026-02-17T19:00:00Z,33,0.314914,0.690657,1.0,3.453285
2026-02-19T10:00:00+05:00,2026-02-19T05:00:00Z,2026-02-17T19:00:00Z,34,0.139171,0.573881,0.985411,2.869405
2026-02-19T11:00:00+05:00,2026-02-19T06:00:00Z,2026-02-17T19:00:00Z,35,0.17893,0.554729,1.0,2.773645
2026-02-19T12:00:00+05:00,2026-02-19T07:00:00Z,2026-02-17T19:00:00Z,36,0.093354,0.483515,0.954756,2.417575
2026-02-19T13:00:00+05:00,2026-02-19T08:00:00Z,2026-02-17T19:00:00Z,37,0.0,0.323641,0.842477,1.618205
2026-02-19T14:00:00+05:00,2026-02-19T09:00:00Z,2026-02-17T19:00:00Z,38,0.0,0.266552,0.744378,1.33276
2026-02-19T15:00:00+05:00,2026-02-19T10:00:00Z,2026-02-17T19:00:00Z,39,0.0,0.121299,0.586702,0.606495
2026-02-19T16:00:00+05:00,2026-02-19T11:00:00Z,2026-02-17T19:00:00Z,40,0.0,0.249149,0.702626,1.245745
2026-02-19T17:00:00+05:00,2026-02-19T12:00:00Z,2026-02-17T19:00:00Z,41,0.061692,0.472593,0.930236,2.362965
2026-02-19T18:00:00+05:00,2026-02-19T13:00:00Z,2026-02-17T19:00:00Z,42,0.0,0.270521,0.73473,1.352605
2026-02-19T19:00:00+05:00,2026-02-19T14:00:00Z,2026-02-17T19:00:00Z,43,0.0,0.264439,0.748457,1.322195
2026-02-19T20:00:00+05:00,2026-02-19T15:00:00Z,2026-02-17T19:00:00Z,44,0.0,0.280878,0.826492,1.40439
2026-02-19T21:00:00+05:00,2026-02-19T16:00:00Z,2026-02-17T19:00:00Z,45,0.006536,0.403348,0.882237,2.01674
2026-02-19T22:00:00+05:00,2026-02-19T17:00:00Z,2026-02-17T19:00:00Z,46,0.123385,0.621415,1.0,3.107075
2026-02-19T23:00:00+05:00,2026-02-19T18:00:00Z,2026-02-17T19:00:00Z,47,0.115387,0.492584,0.960089,2.46292
2026-02-20T00:00:00+05:00,2026-02-19T19:00:00Z,2026-02-18T19:00:00Z,24,0.0,0.217261,0.780244,1.086305
2026-02-20T01:00:00+05:00,2026-02-19T20:00:00Z,2026-02-18T19:00:00Z,25,0.0,0.210598,0.780953,1.05299
2026-02-20T02:00:00+05:00,2026-02-19T21:00:00Z,2026-02-18T19:00:00Z,26,0.006486,0.351609,0.889128,1.758045
2026-02-20T03:00:00+05:00,2026-02-19T22:00:00Z,2026-02-18T19:00:00Z,27,0.273317,0.810353,1.0,4.051765
2026-02-20T04:00:00+05:00,2026-02-19T23:00:00Z,2026-02-18T19:00:00Z,28,0.304467,0.855219,1.0,4.276095
2026-02-20T05:00:00+05:00,2026-02-20T00:00:00Z,2026-02-18T19:00:00Z,29,0.176082,0.661673,1.0,3.308365
2026-02-20T06:00:00+05:00,2026-02-20T01:00:00Z,2026-02-18T19:00:00Z,30,0.161517,0.663327,1.0,3.316635
2026-02-20T07:00:00+05:00,2026-02-20T02:00:00Z,2026-02-18T19:00:00Z,31,0.086929,0.477209,0.950918,2.386045
2026-02-20T08:00:00+05:00,2026-02-20T03:00:00Z,2026-02-18T19:00:00Z,32,0.087142,0.586736,0.994675,2.93368
2026-02-20T09:00:00+05:00,2026-02-20T04:00:00Z,2026-02-18T19:00:00Z,33,0.073665,0.482182,0.892055,2.41091
2026-02-20T10:00:00+05:00,2026-02-20T05:00:00Z,2026-02-18T19:00:00Z,34,0.0,0.226986,0.6888,1.13493
2026-02-20T11:00:00+05:00,2026-02-20T06:00:00Z,2026-02-18T19:00:00Z,35,0.0,0.145531,0.481496,0.727655
2026-02-20T12:00:00+05:00,2026-02-20T07:00:00Z,2026-02-18T19:00:00Z,36,0.0,0.078946,0.413781,0.39473
2026-02-20T13:00:00+05:00,2026-02-20T08:00:00Z,2026-02-18T19:00:00Z,37,0.0,0.052604,0.295838,0.26302
2026-02-20T14:00:00+05:00,2026-02-20T09:00:00Z,2026-02-18T19:00:00Z,38,0.0,0.085117,0.412324,0.425585
2026-02-20T15:00:00+05:00,2026-02-20T10:00:00Z,2026-02-18T19:00:00Z,39,0.0,0.139325,0.550462,0.696625
2026-02-20T16:00:00+05:00,2026-02-20T11:00:00Z,2026-02-18T19:00:00Z,40,0.0,0.091681,0.441919,0.458405
2026-02-20T17:00:00+05:00,2026-02-20T12:00:00Z,2026-02-18T19:00:00Z,41,0.0,0.153086,0.680634,0.76543
2026-02-20T18:00:00+05:00,2026-02-20T13:00:00Z,2026-02-18T19:00:00Z,42,0.109475,0.586471,1.0,2.932355
2026-02-20T19:00:00+05:00,2026-02-20T14:00:00Z,2026-02-18T19:00:00Z,43,0.193044,0.640242,1.0,3.20121
2026-02-20T20:00:00+05:00,2026-02-20T15:00:00Z,2026-02-18T19:00:00Z,44,0.570056,0.95621,1.0,4.78105
2026-02-20T21:00:00+05:00,2026-02-20T16:00:00Z,2026-02-18T19:00:00Z,45,0.681765,0.96222,1.0,4.8111
2026-02-20T22:00:00+05:00,2026-02-20T17:00:00Z,2026-02-18T19:00:00Z,46,0.655663,0.962256,1.0,4.81128
2026-02-20T23:00:00+05:00,2026-02-20T18:00:00Z,2026-02-18T19:00:00Z,47,0.632897,0.957121,1.0,4.785605
2026-02-21T00:00:00+05:00,2026-02-20T19:00:00Z,2026-02-19T19:00:00Z,24,0.552793,0.948665,1.0,4.743325
2026-02-21T01:00:00+05:00,2026-02-20T20:00:00Z,2026-02-19T19:00:00Z,25,0.445723,0.871987,1.0,4.359935
2026-02-21T02:00:00+05:00,2026-02-20T21:00:00Z,2026-02-19T19:00:00Z,26,0.483859,0.888179,1.0,4.440895
2026-02-21T03:00:00+05:00,2026-02-20T22:00:00Z,2026-02-19T19:00:00Z,27,0.301859,0.730977,1.0,3.654885
2026-02-21T04:00:00+05:00,2026-02-20T23:00:00Z,2026-02-19T19:00:00Z,28,0.215232,0.612299,0.976831,3.061495
2026-02-21T05:00:00+05:00,2026-02-21T00:00:00Z,2026-02-19T19:00:00Z,29,0.103423,0.453567,0.880367,2.267835
2026-02-21T06:00:00+05:00,2026-02-21T01:00:00Z,2026-02-19T19:00:00Z,30,0.14445,0.521953,0.959161,2.609765
2026-02-21T07:00:00+05:00,2026-02-21T02:00:00Z,2026-02-19T19:00:00Z,31,0.201421,0.619054,0.949523,3.09527
2026-02-21T08:00:00+05:00,2026-02-21T03:00:00Z,2026-02-19T19:00:00Z,32,0.042277,0.417622,0.748234,2.08811
2026-02-21T09:00:00+05:00,2026-02-21T04:00:00Z,2026-02-19T19:00:00Z,33,0.0,0.142068,0.452227,0.71034
2026-02-21T10:00:00+05:00,2026-02-21T05:00:00Z,2026-02-19T19:00:00Z,34,0.0,0.13236,0.580876,0.6618
2026-02-21T11:00:00+05:00,2026-02-21T06:00:00Z,2026-02-19T19:00:00Z,35,0.008123,0.317756,0.95119,1.58878
2026-02-21T12:00:00+05:00,2026-02-21T07:00:00Z,2026-02-19T19:00:00Z,36,0.40724,0.828012,1.0,4.14006
2026-02-21T13:00:00+05:00,2026-02-21T08:00:00Z,2026-02-19T19:00:00Z,37,0.332525,0.772904,1.0,3.86452
2026-02-21T14:00:00+05:00,2026-02-21T09:00:00Z,2026-02-19T19:00:00Z,38,0.271312,0.703195,1.0,3.515975
2026-02-21T15:00:00+05:00,2026-02-21T10:00:00Z,2026-02-19T19:00:00Z,39,0.079126,0.442912,0.880291,2.21456
2026-02-21T16:00:00+05:00,2026-02-21T11:00:00Z,2026-02-19T19:00:00Z,40,0.069314,0.461537,0.88737,2.307685
2026-02-21T17:00:00+05:00,2026-02-21T12:00:00Z,2026-02-19T19:00:00Z,41,0.214032,0.672473,1.0,3.362365
2026-02-21T18:00:00+05:00,2026-02-21T13:00:00Z,2026-02-19T19:00:00Z,42,0.361335,0.816093,1.0,4.080465
2026-02-21T19:00:00+05:00,2026-02-21T14:00:00Z,2026-02-19T19:00:00Z,43,0.504971,0.900191,1.0,4.500955
2026-02-21T20:00:00+05:00,2026-02-21T15:00:00Z,2026-02-19T19:00:00Z,44,0.531177,0.892036,1.0,4.46018
2026-02-21T21:00:00+05:00,2026-02-21T16:00:00Z,2026-02-19T19:00:00Z,45,0.445759,0.893995,1.0,4.469975
2026-02-21T22:00:00+05:00,2026-02-21T17:00:00Z,2026-02-19T19:00:00Z,46,0.404162,0.824689,1.0,4.123445
2026-02-21T23:00:00+05:00,2026-02-21T18:00:00Z,2026-02-19T19:00:00Z,47,0.291401,0.768889,1.0,3.844445
2026-02-22T00:00:00+05:00,2026-02-21T19:00:00Z,2026-02-20T19:00:00Z,24,0.279236,0.698967,1.0,3.494835
2026-02-22T01:00:00+05:00,2026-02-21T20:00:00Z,2026-02-20T19:00:00Z,25,0.15651,0.589338,0.989684,2.94669
2026-02-22T02:00:00+05:00,2026-02-21T21:00:00Z,2026-02-20T19:00:00Z,26,0.138922,0.574762,0.984584,2.87381
2026-02-22T03:00:00+05:00,2026-02-21T22:00:00Z,2026-02-20T19:00:00Z,27,0.0,0.24193,0.65168,1.20965
2026-02-22T04:00:00+05:00,2026-02-21T23:00:00Z,2026-02-20T19:00:00Z,28,0.0,0.066218,0.346515,0.33109
2026-02-22T05:00:00+05:00,2026-02-22T00:00:00Z,2026-02-20T19:00:00Z,29,0.0,0.054729,0.340102,0.273645
2026-02-22T06:00:00+05:00,2026-02-22T01:00:00Z,2026-02-20T19:00:00Z,30,0.0,0.023318,0.194711,0.11659
2026-02-22T07:00:00+05:00,2026-02-22T02:00:00Z,2026-02-20T19:00:00Z,31,0.0,0.018244,0.180094,0.09122
2026-02-22T08:00:00+05:00,2026-02-22T03:00:00Z,2026-02-20T19:00:00Z,32,0.0,0.01353,0.202566,0.06765
2026-02-22T09:00:00+05:00,2026-02-22T04:00:00Z,2026-02-20T19:00:00Z,33,0.0,0.027044,0.258774,0.13522
2026-02-22T10:00:00+05:00,2026-02-22T05:00:00Z,2026-02-20T19:00:00Z,34,0.0,0.105751,0.486068,0.528755
2026-02-22T11:00:00+05:00,2026-02-22T06:00:00Z,2026-02-20T19:00:00Z,35,0.0,0.262942,0.905913,1.31471
2026-02-22T12:00:00+05:00,2026-02-22T07:00:00Z,2026-02-20T19:00:00Z,36,0.292668,0.705644,1.0,3.52822
2026-02-22T13:00:00+05:00,2026-02-22T08:00:00Z,2026-02-20T19:00:00Z,37,0.536863,0.910112,1.0,4.55056
2026-02-22T14:00:00+05:00,2026-02-22T09:00:00Z,2026-02-20T19:00:00Z,38,0.739657,0.962491,1.0,4.812455
2026-02-22T15:00:00+05:00,2026-02-22T10:00:00Z,2026-02-20T19:00:00Z,39,0.77372,0.971647,1.0,4.858235
2026-02-22T16:00:00+05:00,2026-02-22T11:00:00Z,2026-02-20T19:00:00Z,40,0.757285,0.974125,1.0,4.870625
2026-02-22T17:00:00+05:00,2026-02-22T12:00:00Z,2026-02-20T19:00:00Z,41,0.644292,0.95867,1.0,4.79335
2026-02-22T18:00:00+05:00,2026-02-22T13:00:00Z,2026-02-20T19:00:00Z,42,0.754209,0.963053,1.0,4.815265
2026-02-22T19:00:00+05:00,2026-02-22T14:00:00Z,2026-02-20T19:00:00Z,43,0.638913,0.939285,1.0,4.696425
2026-02-22T20:00:00+05:00,2026-02-22T15:00:00Z,2026-02-20T19:00:00Z,44,0.482074,0.863289,1.0,4.316445
2026-02-22T21:00:00+05:00,2026-02-22T16:00:00Z,2026-02-20T19:00:00Z,45,0.465283,0.872034,1.0,4.36017
2026-02-22T22:00:00+05:00,2026-02-22T17:00:00Z,2026-02-20T19:00:00Z,46,0.464408,0.867769,1.0,4.338845
2026-02-22T23:00:00+05:00,2026-02-22T18:00:00Z,2026-02-20T19:00:00Z,47,0.298844,0.775389,1.0,3.876945
2026-02-23T00:00:00+05:00,2026-02-22T19:00:00Z,2026-02-21T19:00:00Z,24,0.0,0.240649,0.810726,1.203245
2026-02-23T01:00:00+05:00,2026-02-22T20:00:00Z,2026-02-21T19:00:00Z,25,0.02436,0.309442,0.789789,1.54721
2026-02-23T02:00:00+05:00,2026-02-22T21:00:00Z,2026-02-21T19:00:00Z,26,0.080753,0.505559,0.946554,2.527795
2026-02-23T03:00:00+05:00,2026-02-22T22:00:00Z,2026-02-21T19:00:00Z,27,0.0,0.247186,0.654811,1.23593
2026-02-23T04:00:00+05:00,2026-02-22T23:00:00Z,2026-02-21T19:00:00Z,28,0.0,0.152753,0.552188,0.763765
2026-02-23T05:00:00+05:00,2026-02-23T00:00:00Z,2026-02-21T19:00:00Z,29,0.0,0.139311,0.491894,0.696555
2026-02-23T06:00:00+05:00,2026-02-23T01:00:00Z,2026-02-21T19:00:00Z,30,0.0,0.18529,0.532668,0.92645
2026-02-23T07:00:00+05:00,2026-02-23T02:00:00Z,2026-02-21T19:00:00Z,31,0.0,0.100251,0.398102,0.501255
2026-02-23T08:00:00+05:00,2026-02-23T03:00:00Z,2026-02-21T19:00:00Z,32,0.0,0.11883,0.42147,0.59415
2026-02-23T09:00:00+05:00,2026-02-23T04:00:00Z,2026-02-21T19:00:00Z,33,0.0,0.144698,0.618594,0.72349
2026-02-23T10:00:00+05:00,2026-02-23T05:00:00Z,2026-02-21T19:00:00Z,34,0.0,0.321988,0.752052,1.60994
2026-02-23T11:00:00+05:00,2026-02-23T06:00:00Z,2026-02-21T19:00:00Z,35,0.0,0.3151,0.861728,1.5755
2026-02-23T12:00:00+05:00,2026-02-23T07:00:00Z,2026-02-21T19:00:00Z,36,0.078203,0.533054,0.969412,2.66527
2026-02-23T13:00:00+05:00,2026-02-23T08:00:00Z,2026-02-21T19:00:00Z,37,0.069142,0.551834,0.970724,2.75917
2026-02-23T14:00:00+05:00,2026-02-23T09:00:00Z,2026-02-21T19:00:00Z,38,0.130724,0.676057,1.0,3.380285
2026-02-23T15:00:00+05:00,2026-02-23T10:00:00Z,2026-02-21T19:00:00Z,39,0.162015,0.705201,1.0,3.526005
2026-02-23T16:00:00+05:00,2026-02-23T11:00:00Z,2026-02-21T19:00:00Z,40,0.274019,0.81132,1.0,4.0566
2026-02-23T17:00:00+05:00,2026-02-23T12:00:00Z,2026-02-21T19:00:00Z,41,0.104404,0.599362,0.965376,2.99681
2026-02-23T18:00:00+05:00,2026-02-23T13:00:00Z,2026-02-21T19:00:00Z,42,0.194794,0.602324,0.957286,3.01162
2026-02-23T19:00:00+05:00,2026-02-23T14:00:00Z,2026-02-21T19:00:00Z,43,0.208703,0.586193,1.0,2.930965
2026-02-23T20:00:00+05:00,2026-02-23T15:00:00Z,2026-02-21T19:00:00Z,44,0.446716,0.90524,1.0,4.5262
2026-02-23T21:00:00+05:00,2026-02-23T16:00:00Z,2026-02-21T19:00:00Z,45,0.672057,0.960244,1.0,4.80122
2026-02-23T22:00:00+05:00,2026-02-23T17:00:00Z,2026-02-21T19:00:00Z,46,0.608449,0.946584,1.0,4.73292
2026-02-23T23:00:00+05:00,2026-02-23T18:00:00Z,2026-02-21T19:00:00Z,47,0.506686,0.920273,1.0,4.601365
2026-02-24T00:00:00+05:00,2026-02-23T19:00:00Z,2026-02-22T19:00:00Z,24,0.630137,0.933208,1.0,4.66604
2026-02-24T01:00:00+05:00,2026-02-23T20:00:00Z,2026-02-22T19:00:00Z,25,0.520603,0.873592,1.0,4.36796
2026-02-24T02:00:00+05:00,2026-02-23T21:00:00Z,2026-02-22T19:00:00Z,26,0.403925,0.821351,1.0,4.106755
2026-02-24T03:00:00+05:00,2026-02-23T22:00:00Z,2026-02-22T19:00:00Z,27,0.528081,0.909131,1.0,4.545655
2026-02-24T04:00:00+05:00,2026-02-23T23:00:00Z,2026-02-22T19:00:00Z,28,0.520612,0.906117,1.0,4.530585
2026-02-24T05:00:00+05:00,2026-02-24T00:00:00Z,2026-02-22T19:00:00Z,29,0.389422,0.834687,1.0,4.173435
2026-02-24T06:00:00+05:00,2026-02-24T01:00:00Z,2026-02-22T19:00:00Z,30,0.387935,0.817317,1.0,4.086585
2026-02-24T07:00:00+05:00,2026-02-24T02:00:00Z,2026-02-22T19:00:00Z,31,0.228273,0.654669,1.0,3.273345
2026-02-24T08:00:00+05:00,2026-02-24T03:00:00Z,2026-02-22T19:00:00Z,32,0.132437,0.492921,0.924838,2.464605
2026-02-24T09:00:00+05:00,2026-02-24T04:00:00Z,2026-02-22T19:00:00Z,33,0.102333,0.416213,0.923107,2.081065
2026-02-24T10:00:00+05:00,2026-02-24T05:00:00Z,2026-02-22T19:00:00Z,34,0.079687,0.367345,0.89866,1.836725
2026-02-24T11:00:00+05:00,2026-02-24T06:00:00Z,2026-02-22T19:00:00Z,35,0.133712,0.413115,0.920708,2.065575
2026-02-24T12:00:00+05:00,2026-02-24T07:00:00Z,2026-02-22T19:00:00Z,36,0.099794,0.397032,0.909835,1.98516
2026-02-24T13:00:00+05:00,2026-02-24T08:00:00Z,2026-02-22T19:00:00Z,37,0.0,0.188329,0.68238,0.941645
2026-02-24T14:00:00+05:00,2026-02-24T09:00:00Z,2026-02-22T19:00:00Z,38,0.007701,0.281107,0.766967,1.405535
2026-02-24T15:00:00+05:00,2026-02-24T10:00:00Z,2026-02-22T19:00:00Z,39,0.027096,0.346868,0.889354,1.73434
2026-02-24T16:00:00+05:00,2026-02-24T11:00:00Z,2026-02-22T19:00:00Z,40,0.0,0.304295,0.876312,1.521475
2026-02-24T17:00:00+05:00,2026-02-24T12:00:00Z,2026-02-22T19:00:00Z,41,0.0,0.181286,0.608826,0.90643
2026-02-24T18:00:00+05:00,2026-02-24T13:00:00Z,2026-02-22T19:00:00Z,42,0.0,0.142535,0.589611,0.712675
2026-02-24T19:00:00+05:00,2026-02-24T14:00:00Z,2026-02-22T19:00:00Z,43,0.0,0.099572,0.543498,0.49786
2026-02-24T20:00:00+05:00,2026-02-24T15:00:00Z,2026-02-22T19:00:00Z,44,0.0,0.080289,0.351033,0.401445
2026-02-24T21:00:00+05:00,2026-02-24T16:00:00Z,2026-02-22T19:00:00Z,45,0.0,0.039601,0.253248,0.198005
2026-02-24T22:00:00+05:00,2026-02-24T17:00:00Z,2026-02-22T19:00:00Z,46,0.0,0.036942,0.269425,0.18471
2026-02-24T23:00:00+05:00,2026-02-24T18:00:00Z,2026-02-22T19:00:00Z,47,0.0,0.020956,0.262703,0.10478
2026-02-25T00:00:00+05:00,2026-02-24T19:00:00Z,2026-02-23T19:00:00Z,24,0.0,0.013894,0.151364,0.06947
2026-02-25T01:00:00+05:00,2026-02-24T20:00:00Z,2026-02-23T19:00:00Z,25,0.0,0.13186,0.48042,0.6593
2026-02-25T02:00:00+05:00,2026-02-24T21:00:00Z,2026-02-23T19:00:00Z,26,0.0,0.059773,0.312197,0.298865
2026-02-25T03:00:00+05:00,2026-02-24T22:00:00Z,2026-02-23T19:00:00Z,27,0.0,0.046304,0.274159,0.23152
2026-02-25T04:00:00+05:00,2026-02-24T23:00:00Z,2026-02-23T19:00:00Z,28,0.0,0.047117,0.276461,0.235585
2026-02-25T05:00:00+05:00,2026-02-25T00:00:00Z,2026-02-23T19:00:00Z,29,0.0,0.135792,0.492113,0.67896
2026-02-25T06:00:00+05:00,2026-02-25T01:00:00Z,2026-02-23T19:00:00Z,30,0.0,0.16696,0.526415,0.8348
2026-02-25T07:00:00+05:00,2026-02-25T02:00:00Z,2026-02-23T19:00:00Z,31,0.0,0.154406,0.452662,0.77203
2026-02-25T08:00:00+05:00,2026-02-25T03:00:00Z,2026-02-23T19:00:00Z,32,0.0,0.182242,0.531629,0.91121
2026-02-25T09:00:00+05:00,2026-02-25T04:00:00Z,2026-02-23T19:00:00Z,33,0.022997,0.366792,0.909587,1.83396
2026-02-25T10:00:00+05:00,2026-02-25T05:00:00Z,2026-02-23T19:00:00Z,34,0.133573,0.597572,1.0,2.98786
2026-02-25T11:00:00+05:00,2026-02-25T06:00:00Z,2026-02-23T19:00:00Z,35,0.376683,0.81678,1.0,4.0839
2026-02-25T12:00:00+05:00,2026-02-25T07:00:00Z,2026-02-23T19:00:00Z,36,0.360829,0.769245,1.0,3.846225
2026-02-25T13:00:00+05:00,2026-02-25T08:00:00Z,2026-02-23T19:00:00Z,37,0.187179,0.614449,1.0,3.072245
2026-02-25T14:00:00+05:00,2026-02-25T09:00:00Z,2026-02-23T19:00:00Z,38,0.280601,0.686686,1.0,3.43343
2026-02-25T15:00:00+05:00,2026-02-25T10:00:00Z,2026-02-23T19:00:00Z,39,0.110007,0.484364,0.935043,2.42182
2026-02-25T16:00:00+05:00,2026-02-25T11:00:00Z,2026-02-23T19:00:00Z,40,0.028553,0.371606,0.849794,1.85803
2026-02-25T17:00:00+05:00,2026-02-25T12:00:00Z,2026-02-23T19:00:00Z,41,0.234577,0.658563,1.0,3.292815
2026-02-25T18:00:00+05:00,2026-02-25T13:00:00Z,2026-02-23T19:00:00Z,42,0.03866,0.374226,0.92515,1.87113
2026-02-25T19:00:00+05:00,2026-02-25T14:00:00Z,2026-02-23T19:00:00Z,43,0.163615,0.542249,0.966622,2.711245
2026-02-25T20:00:00+05:00,2026-02-25T15:00:00Z,2026-02-23T19:00:00Z,44,0.154826,0.533542,0.952133,2.66771
2026-02-25T21:00:00+05:00,2026-02-25T16:00:00Z,2026-02-23T19:00:00Z,45,0.234473,0.583417,1.0,2.917085
2026-02-25T22:00:00+05:00,2026-02-25T17:00:00Z,2026-02-23T19:00:00Z,46,0.327832,0.769757,1.0,3.848785
2026-02-25T23:00:00+05:00,2026-02-25T18:00:00Z,2026-02-23T19:00:00Z,47,0.517564,0.946449,1.0,4.732245
2026-02-26T00:00:00+05:00,2026-02-25T19:00:00Z,2026-02-24T19:00:00Z,24,0.562379,0.933349,1.0,4.666745
2026-02-26T01:00:00+05:00,2026-02-25T20:00:00Z,2026-02-24T19:00:00Z,25,0.568964,0.939721,1.0,4.698605
2026-02-26T02:00:00+05:00,2026-02-25T21:00:00Z,2026-02-24T19:00:00Z,26,0.616934,0.950639,1.0,4.753195
2026-02-26T03:00:00+05:00,2026-02-25T22:00:00Z,2026-02-24T19:00:00Z,27,0.615615,0.956798,1.0,4.78399
2026-02-26T04:00:00+05:00,2026-02-25T23:00:00Z,2026-02-24T19:00:00Z,28,0.604876,0.959667,1.0,4.798335
2026-02-26T05:00:00+05:00,2026-02-26T00:00:00Z,2026-02-24T19:00:00Z,29,0.498857,0.908355,1.0,4.541775
2026-02-26T06:00:00+05:00,2026-02-26T01:00:00Z,2026-02-24T19:00:00Z,30,0.411163,0.814673,1.0,4.073365
2026-02-26T07:00:00+05:00,2026-02-26T02:00:00Z,2026-02-24T19:00:00Z,31,0.428729,0.897316,1.0,4.48658
2026-02-26T08:00:00+05:00,2026-02-26T03:00:00Z,2026-02-24T19:00:00Z,32,0.45679,0.898861,1.0,4.494305
2026-02-26T09:00:00+05:00,2026-02-26T04:00:00Z,2026-02-24T19:00:00Z,33,0.084277,0.419357,0.958178,2.096785
2026-02-26T10:00:00+05:00,2026-02-26T05:00:00Z,2026-02-24T19:00:00Z,34,0.036292,0.431595,0.86883,2.157975
2026-02-26T11:00:00+05:00,2026-02-26T06:00:00Z,2026-02-24T19:00:00Z,35,0.147456,0.5793,1.0,2.8965
2026-02-26T12:00:00+05:00,2026-02-26T07:00:00Z,2026-02-24T19:00:00Z,36,0.078553,0.444347,0.896219,2.221735
2026-02-26T13:00:00+05:00,2026-02-26T08:00:00Z,2026-02-24T19:00:00Z,37,0.181997,0.674183,1.0,3.370915
2026-02-26T14:00:00+05:00,2026-02-26T09:00:00Z,2026-02-24T19:00:00Z,38,0.152182,0.662981,1.0,3.314905
2026-02-26T15:00:00+05:00,2026-02-26T10:00:00Z,2026-02-24T19:00:00Z,39,0.155772,0.533233,0.983726,2.666165
2026-02-26T16:00:00+05:00,2026-02-26T11:00:00Z,2026-02-24T19:00:00Z,40,0.061291,0.43645,0.912613,2.18225
2026-02-26T17:00:00+05:00,2026-02-26T12:00:00Z,2026-02-24T19:00:00Z,41,0.343384,0.814584,1.0,4.07292
2026-02-26T18:00:00+05:00,2026-02-26T13:00:00Z,2026-02-24T19:00:00Z,42,0.405292,0.878589,1.0,4.392945
2026-02-26T19:00:00+05:00,2026-02-26T14:00:00Z,2026-02-24T19:00:00Z,43,0.517515,0.928869,1.0,4.644345
2026-02-26T20:00:00+05:00,2026-02-26T15:00:00Z,2026-02-24T19:00:00Z,44,0.590771,0.953776,1.0,4.76888
2026-02-26T21:00:00+05:00,2026-02-26T16:00:00Z,2026-02-24T19:00:00Z,45,0.651322,0.968702,1.0,4.84351
2026-02-26T22:00:00+05:00,2026-02-26T17:00:00Z,2026-02-24T19:00:00Z,46,0.61393,0.951458,1.0,4.75729
2026-02-26T23:00:00+05:00,2026-02-26T18:00:00Z,2026-02-24T19:00:00Z,47,0.400396,0.876131,1.0,4.380655
2026-02-27T00:00:00+05:00,2026-02-26T19:00:00Z,2026-02-25T19:00:00Z,24,0.488574,0.884182,1.0,4.42091
2026-02-27T01:00:00+05:00,2026-02-26T20:00:00Z,2026-02-25T19:00:00Z,25,0.602819,0.912739,1.0,4.563695
2026-02-27T02:00:00+05:00,2026-02-26T21:00:00Z,2026-02-25T19:00:00Z,26,0.627242,0.939507,1.0,4.697535
2026-02-27T03:00:00+05:00,2026-02-26T22:00:00Z,2026-02-25T19:00:00Z,27,0.63093,0.94658,1.0,4.7329
2026-02-27T04:00:00+05:00,2026-02-26T23:00:00Z,2026-02-25T19:00:00Z,28,0.539833,0.939627,1.0,4.698135
2026-02-27T05:00:00+05:00,2026-02-27T00:00:00Z,2026-02-25T19:00:00Z,29,0.428463,0.850242,1.0,4.25121
2026-02-27T06:00:00+05:00,2026-02-27T01:00:00Z,2026-02-25T19:00:00Z,30,0.17203,0.48815,0.991881,2.44075
2026-02-27T07:00:00+05:00,2026-02-27T02:00:00Z,2026-02-25T19:00:00Z,31,0.11043,0.454216,0.972821,2.27108
2026-02-27T08:00:00+05:00,2026-02-27T03:00:00Z,2026-02-25T19:00:00Z,32,0.053662,0.342618,0.861143,1.71309
2026-02-27T09:00:00+05:00,2026-02-27T04:00:00Z,2026-02-25T19:00:00Z,33,0.0,0.120717,0.562536,0.603585
2026-02-27T10:00:00+05:00,2026-02-27T05:00:00Z,2026-02-25T19:00:00Z,34,0.0,0.1013,0.460816,0.5065
2026-02-27T11:00:00+05:00,2026-02-27T06:00:00Z,2026-02-25T19:00:00Z,35,0.0,0.19473,0.61441,0.97365
2026-02-27T12:00:00+05:00,2026-02-27T07:00:00Z,2026-02-25T19:00:00Z,36,0.0,0.268982,0.655683,1.34491
2026-02-27T13:00:00+05:00,2026-02-27T08:00:00Z,2026-02-25T19:00:00Z,37,0.0,0.274679,0.835053,1.373395
2026-02-27T14:00:00+05:00,2026-02-27T09:00:00Z,2026-02-25T19:00:00Z,38,0.150895,0.550301,0.968872,2.751505
2026-02-27T15:00:00+05:00,2026-02-27T10:00:00Z,2026-02-25T19:00:00Z,39,0.257013,0.743401,1.0,3.717005
2026-02-27T16:00:00+05:00,2026-02-27T11:00:00Z,2026-02-25T19:00:00Z,40,0.298313,0.721869,1.0,3.609345
2026-02-27T17:00:00+05:00,2026-02-27T12:00:00Z,2026-02-25T19:00:00Z,41,0.722631,0.95435,1.0,4.77175
2026-02-27T18:00:00+05:00,2026-02-27T13:00:00Z,2026-02-25T19:00:00Z,42,0.717585,0.959378,1.0,4.79689
2026-02-27T19:00:00+05:00,2026-02-27T14:00:00Z,2026-02-25T19:00:00Z,43,0.725429,0.97301,1.0,4.86505
2026-02-27T20:00:00+05:00,2026-02-27T15:00:00Z,2026-02-25T19:00:00Z,44,0.765731,0.970867,1.0,4.854335
2026-02-27T21:00:00+05:00,2026-02-27T16:00:00Z,2026-02-25T19:00:00Z,45,0.70401,0.970628,1.0,4.85314
2026-02-27T22:00:00+05:00,2026-02-27T17:00:00Z,2026-02-25T19:00:00Z,46,0.454643,0.894956,1.0,4.47478
2026-02-27T23:00:00+05:00,2026-02-27T18:00:00Z,2026-02-25T19:00:00Z,47,0.089648,0.380961,0.947521,1.904805
2026-02-28T00:00:00+05:00,2026-02-27T19:00:00Z,2026-02-26T19:00:00Z,24,0.094917,0.397722,0.913281,1.98861
2026-02-28T01:00:00+05:00,2026-02-27T20:00:00Z,2026-02-26T19:00:00Z,25,0.098262,0.408988,0.918575,2.04494
2026-02-28T02:00:00+05:00,2026-02-27T21:00:00Z,2026-02-26T19:00:00Z,26,0.136464,0.451352,0.963743,2.25676
2026-02-28T03:00:00+05:00,2026-02-27T22:00:00Z,2026-02-26T19:00:00Z,27,0.146498,0.491334,0.986884,2.45667
2026-02-28T04:00:00+05:00,2026-02-27T23:00:00Z,2026-02-26T19:00:00Z,28,0.45174,0.856136,1.0,4.28068
2026-02-28T05:00:00+05:00,2026-02-28T00:00:00Z,2026-02-26T19:00:00Z,29,0.452879,0.819432,1.0,4.09716
2026-02-28T06:00:00+05:00,2026-02-28T01:00:00Z,2026-02-26T19:00:00Z,30,0.408958,0.812392,1.0,4.06196
2026-02-28T07:00:00+05:00,2026-02-28T02:00:00Z,2026-02-26T19:00:00Z,31,0.411315,0.834021,1.0,4.170105
2026-02-28T08:00:00+05:00,2026-02-28T03:00:00Z,2026-02-26T19:00:00Z,32,0.314816,0.775024,1.0,3.87512
2026-02-28T09:00:00+05:00,2026-02-28T04:00:00Z,2026-02-26T19:00:00Z,33,0.395468,0.831142,1.0,4.15571
2026-02-28T10:00:00+05:00,2026-02-28T05:00:00Z,2026-02-26T19:00:00Z,34,0.397535,0.819193,1.0,4.095965
2026-02-28T11:00:00+05:00,2026-02-28T06:00:00Z,2026-02-26T19:00:00Z,35,0.412477,0.858005,1.0,4.290025
2026-02-28T12:00:00+05:00,2026-02-28T07:00:00Z,2026-02-26T19:00:00Z,36,0.486312,0.916022,1.0,4.58011
2026-02-28T13:00:00+05:00,2026-02-28T08:00:00Z,2026-02-26T19:00:00Z,37,0.497411,0.921893,1.0,4.609465
2026-02-28T14:00:00+05:00,2026-02-28T09:00:00Z,2026-02-26T19:00:00Z,38,0.356221,0.831419,1.0,4.157095
2026-02-28T15:00:00+05:00,2026-02-28T10:00:00Z,2026-02-26T19:00:00Z,39,0.404842,0.84954,1.0,4.2477
2026-02-28T16:00:00+05:00,2026-02-28T11:00:00Z,2026-02-26T19:00:00Z,40,0.226092,0.661049,1.0,3.305245
2026-02-28T17:00:00+05:00,2026-02-28T12:00:00Z,2026-02-26T19:00:00Z,41,0.174912,0.540027,0.981587,2.700135
2026-02-28T18:00:00+05:00,2026-02-28T13:00:00Z,2026-02-26T19:00:00Z,42,0.298055,0.77411,1.0,3.87055
2026-02-28T19:00:00+05:00,2026-02-28T14:00:00Z,2026-02-26T19:00:00Z,43,0.177315,0.673706,1.0,3.36853
2026-02-28T20:00:00+05:00,2026-02-28T15:00:00Z,2026-02-26T19:00:00Z,44,0.202143,0.591166,0.999137,2.95583
2026-02-28T21:00:00+05:00,2026-02-28T16:00:00Z,2026-02-26T19:00:00Z,45,0.021405,0.317243,0.85045,1.586215
2026-02-28T22:00:00+05:00,2026-02-28T17:00:00Z,2026-02-26T19:00:00Z,46,0.030897,0.292373,0.848024,1.461865
2026-02-28T23:00:00+05:00,2026-02-28T18:00:00Z,2026-02-26T19:00:00Z,47,0.018965,0.283535,0.688194,1.417675
